Index,Parent,CB
1596129.0,0.0,0.0
1596159.0,1596129.0,1.0
1596219.0,1596159.0,0.0
1596259.0,1596219.0,0.0
1596379.0,1596259.0,0.0
1596459.0,1596159.0,0.0
1596699.0,1596459.0,0.0
1596839.0,1596699.0,0.0
1596859.0,1596839.0,0.0
1597049.0,1596699.0,1.0
1597069.0,1596159.0,0.0
1597119.0,1597049.0,0.0
1597329.0,1597119.0,1.0
1597349.0,1597329.0,1.0
1597339.0,1597329.0,0.0
1597399.0,1596699.0,1.0
1597549.0,1597329.0,1.0
1597559.0,1597549.0,1.0
1597569.0,1597549.0,0.0
1597649.0,1597069.0,0.0
1597699.0,1597119.0,0.0
1597729.0,1597549.0,0.0
1597809.0,1597729.0,0.0
1597869.0,1596459.0,0.0
1597889.0,1596459.0,0.0
1597949.0,1597549.0,0.0
1598109.0,1597119.0,0.0
1598129.0,1597549.0,0.0
1598419.0,1597119.0,0.0
1598469.0,1598419.0,1.0
1598499.0,1597069.0,0.0
1598549.0,1597729.0,0.0
1598809.0,1598499.0,0.0
1598929.0,1598549.0,1.0
1598939.0,1596459.0,0.0
1599009.0,1598929.0,0.0
1599039.0,1599009.0,1.0
1599049.0,1599039.0,1.0
1599089.0,1599039.0,0.0
1599169.0,1598929.0,0.0
1599209.0,1599169.0,0.0
1599679.0,1599169.0,0.0
1599709.0,1599009.0,0.0
1599979.0,1599169.0,0.0
1600179.0,1599709.0,0.0
1600199.0,1600179.0,0.0
1600249.0,1599169.0,0.0
1600299.0,1597549.0,0.0
1600309.0,1600299.0,1.0
1600319.0,1600309.0,0.0
1600379.0,1599169.0,0.0
1600529.0,1600309.0,0.0
1600559.0,1599169.0,0.0
1600989.0,1599169.0,0.0
1601139.0,1596839.0,0.0
1601289.0,1601139.0,0.0
1601449.0,1601289.0,0.0
1601459.0,1600529.0,1.0
1601479.0,1600529.0,1.0
1601489.0,1601139.0,1.0
1601509.0,1601489.0,0.0
1601539.0,1601479.0,0.0
1601589.0,1601509.0,1.0
1601629.0,1601489.0,0.0
1601709.0,1596459.0,0.0
1601739.0,1601709.0,0.0
1602099.0,1601509.0,0.0
1602109.0,1602099.0,0.0
1602239.0,1601539.0,0.0
1602349.0,1599679.0,0.0
1602469.0,1602099.0,1.0
1602549.0,1602469.0,1.0
1602559.0,1602549.0,0.0
1602689.0,1601739.0,0.0
1602699.0,1600249.0,0.0
1602769.0,1601459.0,0.0
1602869.0,1601479.0,1.0
1602889.0,1602869.0,0.0
1602899.0,1602889.0,0.0
1603249.0,1601589.0,0.0
1603269.0,1602889.0,0.0
1603299.0,1603249.0,0.0
1603479.0,1602889.0,0.0
1603519.0,1603479.0,0.0
1603549.0,1603519.0,0.0
1603659.0,1599169.0,0.0
1603759.0,1603519.0,0.0
1603779.0,1599209.0,1.0
1603789.0,1603779.0,0.0
1603849.0,1601539.0,1.0
1603879.0,1603779.0,0.0
1604099.0,1603659.0,0.0
1604289.0,1603879.0,0.0
1604379.0,1603849.0,0.0
1604689.0,1600249.0,0.0
1604739.0,1604689.0,0.0
1604759.0,1604739.0,0.0
1604779.0,1604759.0,0.0
1604889.0,1603789.0,0.0
1605099.0,1596379.0,0.0
1605239.0,1599039.0,0.0
1605589.0,1598499.0,0.0
1605599.0,1605589.0,0.0
1605689.0,1599169.0,0.0
1605739.0,1605689.0,0.0
1605829.0,1605689.0,0.0
1605859.0,1605599.0,0.0
1605919.0,1605689.0,0.0
1605929.0,1605919.0,0.0
1606119.0,1605239.0,0.0
1606219.0,1605689.0,0.0
1606249.0,1606219.0,0.0
1606389.0,1605919.0,0.0
1606439.0,1602109.0,0.0
1606479.0,1606439.0,0.0
1606619.0,1606249.0,0.0
1606629.0,1605689.0,1.0
1606639.0,1606629.0,1.0
1606649.0,1606629.0,1.0
1606659.0,1606639.0,1.0
1606699.0,1606649.0,0.0
1606749.0,1606619.0,0.0
1606789.0,1603849.0,1.0
1606809.0,1605859.0,0.0
1606949.0,1606629.0,0.0
1607009.0,1606479.0,1.0
1607029.0,1606479.0,0.0
1607099.0,1598499.0,0.0
1607179.0,1607099.0,0.0
1607199.0,1607179.0,0.0
1607209.0,1602889.0,0.0
1607229.0,1605739.0,0.0
1607319.0,1606479.0,0.0
1607339.0,1607229.0,0.0
1607639.0,1605689.0,0.0
1607719.0,1606619.0,1.0
1607739.0,1606949.0,1.0
1607749.0,1605589.0,0.0
1607889.0,1605929.0,0.0
1607899.0,1602099.0,0.0
1607929.0,1606789.0,0.0
1607999.0,1601289.0,0.0
1608019.0,1607899.0,0.0
1608099.0,1607999.0,0.0
1608269.0,1605829.0,0.0
1608339.0,1607899.0,1.0
1608439.0,1607749.0,0.0
1608459.0,1608339.0,0.0
1608479.0,1608459.0,0.0
1608549.0,1607929.0,0.0
1608569.0,1603849.0,0.0
1608779.0,1607099.0,0.0
1608899.0,1608339.0,0.0
1609019.0,1601459.0,1.0
1609029.0,1609019.0,0.0
1609109.0,1608019.0,0.0
1609189.0,1608569.0,0.0
1609219.0,1607999.0,0.0
1609239.0,1609219.0,0.0
1609329.0,1608269.0,0.0
1609439.0,1606699.0,0.0
1609639.0,1609329.0,0.0
1609649.0,1608339.0,0.0
1609669.0,1608779.0,0.0
1609739.0,1606619.0,1.0
1609749.0,1609739.0,0.0
1609959.0,1609749.0,0.0
1610129.0,1602889.0,0.0
1610269.0,1606479.0,1.0
1610329.0,1610269.0,0.0
1610369.0,1610329.0,0.0
1610529.0,1609959.0,0.0
1610589.0,1605859.0,1.0
1610609.0,1609019.0,0.0
1610669.0,1609219.0,0.0
1610909.0,1609959.0,0.0
1610929.0,1610909.0,0.0
1610959.0,1610909.0,0.0
1610989.0,1610959.0,0.0
1611249.0,1605689.0,0.0
1611369.0,1610369.0,0.0
1611379.0,1611369.0,1.0
1611479.0,1611369.0,0.0
1611519.0,1611369.0,0.0
1611819.0,1606789.0,1.0
1611869.0,1611819.0,0.0
1611939.0,1611369.0,0.0
1612119.0,1611819.0,1.0
1612129.0,1612119.0,0.0
1612149.0,1606119.0,0.0
1612309.0,1610129.0,1.0
1612379.0,1611939.0,0.0
1612399.0,1612379.0,0.0
1612459.0,1606699.0,0.0
1612549.0,1611939.0,1.0
1612569.0,1611939.0,1.0
1612579.0,1612569.0,0.0
1612619.0,1612129.0,0.0
1612659.0,1612619.0,1.0
1612669.0,1612309.0,0.0
1612729.0,1612669.0,1.0
1612799.0,1612669.0,0.0
1612809.0,1612799.0,0.0
1612849.0,1612809.0,0.0
1612969.0,1612549.0,0.0
1613049.0,1609649.0,0.0
1613089.0,1613049.0,1.0
1613119.0,1613089.0,0.0
1613369.0,1613049.0,0.0
1613569.0,1607889.0,0.0
1613589.0,1606479.0,0.0
1613639.0,1613589.0,0.0
1613919.0,1609959.0,0.0
1613979.0,1613639.0,0.0
1614249.0,1613919.0,0.0
1614269.0,1607899.0,0.0
1614289.0,1614269.0,0.0
1614539.0,1614269.0,0.0
1614589.0,1614289.0,1.0
1614619.0,1614589.0,0.0
1614629.0,1614619.0,0.0
1614659.0,1614629.0,0.0
1614689.0,1614629.0,0.0
1614799.0,1614659.0,0.0
1614829.0,1614799.0,0.0
1614839.0,1614829.0,0.0
1614849.0,1610669.0,0.0
1614879.0,1614659.0,0.0
1614959.0,1614839.0,0.0
1615059.0,1613589.0,1.0
1615109.0,1612669.0,0.0
1615119.0,1615109.0,0.0
1615149.0,1615119.0,0.0
1615179.0,1615119.0,0.0
1615189.0,1615179.0,1.0
1615199.0,1615189.0,0.0
1615299.0,1615119.0,0.0
1615319.0,1615299.0,0.0
1615439.0,1613639.0,0.0
1615559.0,1607999.0,0.0
1615619.0,1614829.0,0.0
1615769.0,1615119.0,0.0
1615809.0,1608779.0,0.0
1616029.0,1615149.0,0.0
1616259.0,1613569.0,0.0
1616379.0,1609189.0,1.0
1616389.0,1616379.0,0.0
1616399.0,1616259.0,0.0
1616659.0,1614269.0,0.0
1616809.0,1616659.0,0.0
1616959.0,1614269.0,1.0
1617119.0,1609669.0,0.0
1617389.0,1615119.0,0.0
1617549.0,1616029.0,1.0
1617559.0,1617549.0,0.0
1617579.0,1613639.0,0.0
1617659.0,1613369.0,1.0
1617869.0,1614799.0,0.0
1617919.0,1610369.0,0.0
1617949.0,1615809.0,0.0
1618029.0,1617869.0,0.0
1618089.0,1614269.0,0.0
1618119.0,1617919.0,0.0
1618169.0,1618089.0,0.0
1618249.0,1618089.0,1.0
1618279.0,1618119.0,1.0
1618289.0,1617949.0,0.0
1618399.0,1618089.0,0.0
1618439.0,1618169.0,0.0
1618449.0,1618089.0,0.0
1618489.0,1618399.0,1.0
1618509.0,1618439.0,0.0
1618519.0,1618089.0,1.0
1618539.0,1618509.0,1.0
1618559.0,1618539.0,1.0
1618569.0,1618509.0,1.0
1618579.0,1618569.0,1.0
1618589.0,1618559.0,0.0
1618619.0,1618569.0,1.0
1618639.0,1618569.0,1.0
1618649.0,1618639.0,0.0
1618679.0,1618089.0,1.0
1618709.0,1618569.0,0.0
1618779.0,1618279.0,1.0
1618799.0,1618569.0,1.0
1618819.0,1618779.0,0.0
1618929.0,1618619.0,1.0
1618949.0,1618089.0,0.0
1618969.0,1618949.0,1.0
1618999.0,1618799.0,1.0
1619019.0,1618999.0,1.0
1619029.0,1618999.0,1.0
1619039.0,1618539.0,1.0
1619049.0,1619019.0,1.0
1619059.0,1619049.0,1.0
1619099.0,1619059.0,0.0
1619129.0,1618949.0,0.0
1619159.0,1618279.0,0.0
1619189.0,1615809.0,0.0
1619209.0,1619189.0,1.0
1619279.0,1619159.0,1.0
1619289.0,1619279.0,1.0
1619309.0,1618569.0,0.0
1619339.0,1618949.0,0.0
1619349.0,1619339.0,1.0
1619469.0,1619279.0,1.0
1619479.0,1619469.0,0.0
1619509.0,1619479.0,0.0
1619589.0,1618569.0,0.0
1619639.0,1619589.0,1.0
1619729.0,1619019.0,0.0
1619829.0,1619729.0,1.0
1619929.0,1618559.0,0.0
1620009.0,1615119.0,0.0
1620079.0,1618569.0,1.0
1620099.0,1619729.0,0.0
1620209.0,1617949.0,1.0
1620349.0,1618949.0,0.0
1620359.0,1620349.0,0.0
1620399.0,1619509.0,0.0
1620469.0,1620359.0,0.0
1620789.0,1618969.0,0.0
1620839.0,1620359.0,1.0
1620869.0,1618569.0,1.0
1621379.0,1618639.0,0.0
1621489.0,1620789.0,0.0
1621509.0,1618089.0,0.0
1621519.0,1621509.0,0.0
1621659.0,1621379.0,0.0
1621699.0,1620359.0,0.0
1621789.0,1619189.0,0.0
1621929.0,1618569.0,0.0
1622009.0,1619209.0,1.0
1622019.0,1620869.0,1.0
1622039.0,1622019.0,1.0
1622049.0,1622019.0,0.0
1622059.0,1622009.0,1.0
1622069.0,1622049.0,0.0
1622079.0,1622059.0,1.0
1622089.0,1622049.0,1.0
1622109.0,1622049.0,1.0
1622129.0,1622109.0,1.0
1622139.0,1622109.0,1.0
1622159.0,1622109.0,1.0
1622169.0,1622159.0,0.0
1622309.0,1618089.0,1.0
1622319.0,1622019.0,0.0
1622359.0,1622309.0,0.0
1622379.0,1622019.0,0.0
1622389.0,1621699.0,1.0
1622489.0,1622019.0,0.0
1622519.0,1622359.0,0.0
1622639.0,1618779.0,1.0
1622649.0,1622639.0,1.0
1622659.0,1622639.0,1.0
1622679.0,1622639.0,1.0
1622699.0,1622639.0,1.0
1622709.0,1622639.0,1.0
1622739.0,1622639.0,1.0
1622749.0,1622639.0,0.0
1622769.0,1622019.0,1.0
1622819.0,1622489.0,1.0
1622829.0,1622019.0,0.0
1622839.0,1622059.0,0.0
1623029.0,1618949.0,1.0
1623089.0,1622019.0,0.0
1623099.0,1622639.0,0.0
1623139.0,1622639.0,0.0
1623149.0,1622019.0,0.0
1623189.0,1623029.0,0.0
1623309.0,1622769.0,0.0
1623409.0,1623099.0,1.0
1623439.0,1621789.0,0.0
1623579.0,1619349.0,1.0
1623609.0,1623579.0,1.0
1623629.0,1623609.0,1.0
1623639.0,1623579.0,0.0
1623649.0,1623579.0,1.0
1623689.0,1622059.0,0.0
1623729.0,1623649.0,0.0
1623749.0,1623729.0,0.0
1623869.0,1623579.0,1.0
1623909.0,1623869.0,1.0
1623919.0,1623869.0,1.0
1623929.0,1623919.0,1.0
1623939.0,1623929.0,0.0
1624069.0,1623409.0,0.0
1624209.0,1623139.0,0.0
1624229.0,1623869.0,0.0
1624299.0,1623749.0,0.0
1624479.0,1623579.0,0.0
1624589.0,1622639.0,0.0
1624719.0,1622639.0,1.0
1624889.0,1621789.0,0.0
1624989.0,1624209.0,0.0
1625109.0,1622639.0,0.0
1625119.0,1625109.0,0.0
1625409.0,1622769.0,0.0
1625629.0,1624889.0,1.0
1625639.0,1625629.0,0.0
1625789.0,1620469.0,0.0
1625799.0,1622079.0,1.0
1625809.0,1625799.0,1.0
1625839.0,1625809.0,1.0
1625859.0,1625839.0,0.0
1626059.0,1625859.0,0.0
1626129.0,1621489.0,0.0
1626259.0,1624889.0,0.0
1626399.0,1624719.0,0.0
1626429.0,1623579.0,0.0
1626439.0,1625409.0,1.0
1626449.0,1626439.0,0.0
1626479.0,1626129.0,0.0
1626529.0,1626429.0,0.0
1626549.0,1626529.0,0.0
1626609.0,1620359.0,0.0
1626709.0,1626609.0,1.0
1626879.0,1624889.0,0.0
1626939.0,1626059.0,0.0
1627339.0,1623409.0,1.0
1627349.0,1627339.0,0.0
1627439.0,1621519.0,0.0
1627739.0,1623409.0,0.0
1627789.0,1623579.0,1.0
1627809.0,1627739.0,0.0
1627929.0,1626479.0,1.0
1627939.0,1626879.0,0.0
1627959.0,1625789.0,0.0
1628009.0,1627929.0,0.0
1628089.0,1628009.0,0.0
1628149.0,1628009.0,0.0
1628339.0,1628009.0,0.0
1628429.0,1627939.0,0.0
1628499.0,1628429.0,0.0
1628629.0,1628009.0,0.0
1628789.0,1627929.0,1.0
1628799.0,1628789.0,0.0
1629059.0,1628629.0,0.0
1629189.0,1628009.0,0.0
1629469.0,1627959.0,0.0
1629669.0,1622639.0,0.0
1629679.0,1623579.0,1.0
1629699.0,1628009.0,0.0
1629709.0,1629699.0,0.0
1629729.0,1628429.0,0.0
1629809.0,1626709.0,1.0
1629819.0,1629809.0,0.0
1629839.0,1622639.0,0.0
1629909.0,1628089.0,0.0
1630079.0,1628009.0,0.0
1630149.0,1628009.0,0.0
1630259.0,1629729.0,0.0
1630299.0,1624229.0,0.0
1630309.0,1630299.0,0.0
1630459.0,1627789.0,0.0
1630499.0,1630459.0,0.0
1630559.0,1626439.0,1.0
1630569.0,1630559.0,1.0
1630749.0,1624889.0,0.0
1630769.0,1629839.0,0.0
1630879.0,1630459.0,0.0
1631019.0,1628009.0,0.0
1631039.0,1631019.0,1.0
1631049.0,1631019.0,0.0
1631069.0,1631039.0,0.0
1631109.0,1630749.0,0.0
1631219.0,1627959.0,0.0
1631239.0,1628629.0,0.0
1631319.0,1631219.0,0.0
1631329.0,1630769.0,0.0
1631379.0,1631329.0,1.0
1631499.0,1631239.0,1.0
1631519.0,1631239.0,0.0
1631529.0,1631519.0,0.0
1631549.0,1631519.0,1.0
1631569.0,1631519.0,1.0
1631579.0,1631519.0,1.0
1631589.0,1631579.0,1.0
1631599.0,1631519.0,1.0
1631639.0,1631589.0,0.0
1631679.0,1631379.0,0.0
1631709.0,1631519.0,1.0
1631739.0,1631639.0,1.0
1631749.0,1631739.0,1.0
1631759.0,1631739.0,1.0
1631789.0,1631739.0,1.0
1631799.0,1631739.0,0.0
1631809.0,1629729.0,1.0
1631829.0,1631739.0,1.0
1631849.0,1631739.0,1.0
1631859.0,1631849.0,1.0
1631879.0,1631849.0,1.0
1631889.0,1631849.0,1.0
1631899.0,1631849.0,1.0
1631909.0,1631849.0,1.0
1631919.0,1631849.0,1.0
1631929.0,1631849.0,1.0
1631949.0,1631849.0,1.0
1631989.0,1631849.0,1.0
1632029.0,1631849.0,1.0
1632039.0,1631849.0,1.0
1632059.0,1631849.0,1.0
1632069.0,1631849.0,1.0
1632079.0,1631849.0,1.0
1632099.0,1632079.0,1.0
1632119.0,1631739.0,1.0
1632129.0,1631849.0,1.0
1632149.0,1631849.0,1.0
1632169.0,1631889.0,1.0
1632179.0,1632059.0,1.0
1632189.0,1631849.0,1.0
1632199.0,1631849.0,1.0
1632239.0,1631849.0,1.0
1632249.0,1631849.0,1.0
1632259.0,1632239.0,0.0
1632269.0,1631849.0,1.0
1632289.0,1631849.0,1.0
1632309.0,1631849.0,1.0
1632319.0,1631849.0,1.0
1632329.0,1632319.0,1.0
1632339.0,1632329.0,1.0
1632349.0,1631849.0,1.0
1632409.0,1631849.0,1.0
1632439.0,1632409.0,1.0
1632489.0,1632439.0,1.0
1632539.0,1631849.0,0.0
1632559.0,1631849.0,1.0
1632609.0,1631569.0,1.0
1632619.0,1631849.0,1.0
1632649.0,1632609.0,1.0
1632689.0,1631849.0,1.0
1632709.0,1632489.0,1.0
1632729.0,1631849.0,1.0
1632739.0,1631849.0,1.0
1632749.0,1632729.0,0.0
1632779.0,1632729.0,1.0
1632789.0,1631849.0,1.0
1632939.0,1631849.0,1.0
1632959.0,1631849.0,1.0
1632989.0,1632729.0,1.0
1633159.0,1631849.0,1.0
1633269.0,1631849.0,1.0
1633389.0,1633159.0,1.0
1633409.0,1633389.0,1.0
1633439.0,1633389.0,1.0
1633579.0,1631849.0,1.0
1633589.0,1631809.0,1.0
1633599.0,1633589.0,1.0
1633639.0,1631849.0,1.0
1633649.0,1632619.0,0.0
1633779.0,1631849.0,1.0
1633809.0,1631599.0,1.0
1633829.0,1631849.0,1.0
1633859.0,1632649.0,0.0
1633919.0,1631849.0,1.0
1633989.0,1631849.0,0.0
1634019.0,1632779.0,0.0
1634029.0,1631849.0,1.0
1634049.0,1631849.0,1.0
1634069.0,1631849.0,0.0
1634099.0,1631219.0,0.0
1634189.0,1631849.0,0.0
1634249.0,1632269.0,1.0
1634259.0,1634249.0,1.0
1634269.0,1631849.0,1.0
1634319.0,1631849.0,1.0
1634329.0,1631849.0,1.0
1634359.0,1631849.0,1.0
1634369.0,1634329.0,0.0
1634379.0,1631849.0,1.0
1634409.0,1631849.0,1.0
1634449.0,1631849.0,1.0
1634479.0,1634329.0,0.0
1634539.0,1634189.0,1.0
1634709.0,1631849.0,1.0
1634759.0,1631849.0,1.0
1634859.0,1631739.0,1.0
1634879.0,1631849.0,0.0
1634929.0,1634099.0,1.0
1634939.0,1631849.0,1.0
1634969.0,1634879.0,0.0
1634989.0,1634969.0,0.0
1635079.0,1631849.0,1.0
1635089.0,1631849.0,0.0
1635169.0,1631849.0,1.0
1635179.0,1631849.0,0.0
1635199.0,1635169.0,0.0
1635219.0,1631849.0,0.0
1635339.0,1634379.0,0.0
1635429.0,1631849.0,0.0
1635539.0,1632729.0,1.0
1635549.0,1635539.0,1.0
1635609.0,1632729.0,0.0
1635679.0,1635549.0,1.0
1635719.0,1635609.0,0.0
1635819.0,1635679.0,1.0
1636109.0,1632729.0,1.0
1636119.0,1636109.0,1.0
1636129.0,1636109.0,1.0
1636139.0,1636129.0,1.0
1636159.0,1636129.0,1.0
1636169.0,1636129.0,1.0
1636209.0,1635679.0,1.0
1636229.0,1636129.0,1.0
1636239.0,1636129.0,0.0
1636249.0,1636129.0,1.0
1636259.0,1636129.0,0.0
1636269.0,1636129.0,1.0
1636319.0,1636129.0,1.0
1636329.0,1636129.0,1.0
1636339.0,1636129.0,0.0
1636349.0,1636129.0,0.0
1636389.0,1636129.0,1.0
1636419.0,1636129.0,1.0
1636469.0,1636129.0,1.0
1636499.0,1636329.0,1.0
1636549.0,1636129.0,1.0
1636569.0,1636549.0,1.0
1636579.0,1636569.0,0.0
1636659.0,1636129.0,1.0
1636689.0,1636659.0,0.0
1636769.0,1636129.0,1.0
1636829.0,1636769.0,1.0
1636859.0,1636129.0,0.0
1636919.0,1636129.0,1.0
1636949.0,1636919.0,1.0
1636959.0,1636129.0,0.0
1637089.0,1636129.0,1.0
1637169.0,1636129.0,1.0
1637219.0,1637089.0,1.0
1637259.0,1636859.0,0.0
1637319.0,1636689.0,0.0
1637339.0,1634189.0,0.0
1637499.0,1635169.0,1.0
1637669.0,1636129.0,1.0
1637679.0,1637669.0,1.0
1637699.0,1637669.0,1.0
1637769.0,1637699.0,1.0
1637789.0,1635609.0,1.0
1637799.0,1637789.0,1.0
1637819.0,1637799.0,0.0
1637839.0,1636129.0,1.0
1637859.0,1637679.0,1.0
1637939.0,1637699.0,0.0
1637959.0,1637939.0,1.0
1637999.0,1637939.0,0.0
1638039.0,1634189.0,1.0
1638079.0,1636129.0,0.0
1638089.0,1638079.0,1.0
1638269.0,1637799.0,1.0
1638339.0,1636329.0,1.0
1638399.0,1638339.0,1.0
1638609.0,1638089.0,0.0
1638619.0,1638609.0,1.0
1638629.0,1638609.0,0.0
1638649.0,1637819.0,1.0
1638659.0,1638609.0,1.0
1638749.0,1638079.0,0.0
1638769.0,1636129.0,0.0
1638849.0,1638769.0,1.0
1638939.0,1638849.0,0.0
1638959.0,1636949.0,0.0
1639119.0,1638619.0,1.0
1639129.0,1637859.0,0.0
1639199.0,1638089.0,1.0
1639229.0,1639129.0,0.0
1639249.0,1639119.0,0.0
1639289.0,1637319.0,1.0
1639319.0,1638399.0,1.0
1639389.0,1639119.0,1.0
1639399.0,1639389.0,0.0
1639449.0,1636129.0,1.0
1639469.0,1639449.0,0.0
1639669.0,1638619.0,1.0
1639779.0,1636129.0,0.0
1639819.0,1639779.0,0.0
1639849.0,1639779.0,0.0
1639869.0,1637839.0,0.0
1639889.0,1637319.0,0.0
1639939.0,1639849.0,0.0
1639999.0,1636129.0,0.0
1640029.0,1639849.0,0.0
1640039.0,1636129.0,0.0
1640109.0,1638089.0,1.0
1640129.0,1640109.0,1.0
1640139.0,1639849.0,0.0
1640269.0,1639249.0,0.0
1640399.0,1636129.0,0.0
1640419.0,1640399.0,1.0
1640479.0,1640269.0,0.0
1640579.0,1636129.0,0.0
1640629.0,1640419.0,0.0
1640649.0,1639669.0,1.0
1640659.0,1640649.0,1.0
1640669.0,1640659.0,0.0
1640859.0,1640579.0,0.0
1640949.0,1640859.0,1.0
1641189.0,1638089.0,0.0
1641329.0,1637319.0,0.0
1641369.0,1638089.0,0.0
1641409.0,1641369.0,0.0
1641529.0,1641369.0,1.0
1641539.0,1641529.0,0.0
1641589.0,1640269.0,1.0
1641639.0,1641589.0,0.0
1641809.0,1639449.0,1.0
1641899.0,1637089.0,0.0
1641959.0,1641369.0,1.0
1642109.0,1637089.0,0.0
1642189.0,1641529.0,0.0
1642199.0,1636769.0,0.0
1642259.0,1636859.0,1.0
1642319.0,1642259.0,1.0
1642339.0,1642319.0,1.0
1642349.0,1642319.0,0.0
1642359.0,1642349.0,1.0
1642399.0,1639249.0,0.0
1642409.0,1642399.0,1.0
1642429.0,1642319.0,0.0
1642459.0,1642319.0,1.0
1642469.0,1642349.0,1.0
1642489.0,1642469.0,0.0
1642499.0,1637319.0,1.0
1642509.0,1642469.0,0.0
1642629.0,1642499.0,1.0
1642739.0,1639849.0,0.0
1642779.0,1642739.0,0.0
1642809.0,1642779.0,0.0
1642849.0,1642319.0,0.0
1642909.0,1642809.0,0.0
1643059.0,1642809.0,0.0
1643079.0,1638089.0,0.0
1643089.0,1643079.0,1.0
1643159.0,1643079.0,0.0
1643209.0,1643079.0,0.0
1643269.0,1642319.0,1.0
1643319.0,1643269.0,1.0
1643329.0,1642739.0,0.0
1643439.0,1640659.0,0.0
1643489.0,1643079.0,1.0
1643499.0,1643489.0,0.0
1643549.0,1643089.0,0.0
1643579.0,1638089.0,1.0
1643609.0,1643579.0,1.0
1643619.0,1643609.0,1.0
1643629.0,1643579.0,1.0
1643639.0,1643629.0,0.0
1643759.0,1643329.0,0.0
1643889.0,1642319.0,1.0
1643939.0,1643079.0,1.0
1643989.0,1643609.0,1.0
1644009.0,1643639.0,1.0
1644019.0,1644009.0,1.0
1644059.0,1644019.0,1.0
1644129.0,1644019.0,1.0
1644139.0,1644009.0,1.0
1644159.0,1644009.0,1.0
1644179.0,1644009.0,1.0
1644209.0,1644059.0,1.0
1644219.0,1644209.0,1.0
1644259.0,1644009.0,1.0
1644269.0,1644259.0,1.0
1644279.0,1644259.0,1.0
1644289.0,1644279.0,1.0
1644299.0,1644259.0,1.0
1644319.0,1644299.0,1.0
1644339.0,1644319.0,1.0
1644349.0,1644259.0,1.0
1644359.0,1644349.0,1.0
1644369.0,1644019.0,1.0
1644419.0,1644009.0,1.0
1644429.0,1644419.0,1.0
1644439.0,1644429.0,1.0
1644449.0,1644419.0,1.0
1644469.0,1644419.0,1.0
1644479.0,1644319.0,1.0
1644529.0,1644469.0,0.0
1644569.0,1644009.0,1.0
1644609.0,1644269.0,0.0
1644659.0,1642629.0,0.0
1644749.0,1643329.0,0.0
1644809.0,1643889.0,1.0
1644819.0,1644809.0,0.0
1644829.0,1642909.0,0.0
1644849.0,1642319.0,1.0
1644899.0,1642349.0,0.0
1644979.0,1644899.0,0.0
1645009.0,1644749.0,0.0
1645149.0,1642809.0,1.0
1645169.0,1645149.0,0.0
1645179.0,1644569.0,1.0
1645229.0,1645169.0,0.0
1645299.0,1641639.0,0.0
1645329.0,1644659.0,0.0
1645349.0,1645009.0,1.0
1645359.0,1645329.0,1.0
1645389.0,1644899.0,0.0
1645519.0,1643549.0,1.0
1645649.0,1642319.0,0.0
1645659.0,1645649.0,0.0
1646189.0,1643329.0,1.0
1646249.0,1645389.0,0.0
1646259.0,1646249.0,1.0
1646269.0,1646249.0,0.0
1646279.0,1646189.0,1.0
1646289.0,1645389.0,0.0
1646339.0,1645659.0,1.0
1646359.0,1645299.0,1.0
1646439.0,1642809.0,0.0
1646459.0,1646189.0,0.0
1646639.0,1644009.0,1.0
1646679.0,1646359.0,0.0
1646689.0,1646639.0,0.0
1646709.0,1645659.0,0.0
1646759.0,1646249.0,0.0
1646809.0,1645179.0,0.0
1646909.0,1646689.0,0.0
1647029.0,1645349.0,1.0
1647049.0,1646249.0,1.0
1647109.0,1647049.0,0.0
1647139.0,1646189.0,0.0
1647149.0,1647139.0,0.0
1647239.0,1647149.0,1.0
1647249.0,1647239.0,0.0
1647489.0,1646189.0,0.0
1647509.0,1643079.0,0.0
1647519.0,1647249.0,1.0
1647589.0,1647149.0,1.0
1647599.0,1645389.0,0.0
1647629.0,1647509.0,0.0
1647679.0,1645359.0,0.0
1647709.0,1647489.0,0.0
1647719.0,1647709.0,1.0
1647729.0,1647719.0,0.0
1647799.0,1647249.0,0.0
1647959.0,1647599.0,1.0
1648029.0,1646679.0,0.0
1648039.0,1647519.0,1.0
1648089.0,1647149.0,0.0
1648179.0,1648089.0,0.0
1648189.0,1648179.0,0.0
1648209.0,1648089.0,0.0
1648329.0,1648179.0,0.0
1648419.0,1646189.0,0.0
1648549.0,1644009.0,0.0
1648619.0,1647629.0,0.0
1648679.0,1648189.0,0.0
1648739.0,1647149.0,0.0
1648779.0,1647679.0,0.0
1648919.0,1647719.0,1.0
1648979.0,1646909.0,0.0
1649059.0,1648919.0,0.0
1649199.0,1648029.0,0.0
1649219.0,1649199.0,0.0
1649289.0,1646189.0,1.0
1649439.0,1648209.0,1.0
1649449.0,1646249.0,0.0
1649459.0,1649449.0,0.0
1649479.0,1649449.0,0.0
1649549.0,1649479.0,1.0
1649559.0,1649549.0,1.0
1649569.0,1649549.0,0.0
1649689.0,1649569.0,0.0
1649719.0,1648979.0,0.0
1649799.0,1649199.0,0.0
1649899.0,1648679.0,0.0
1650139.0,1646189.0,0.0
1650549.0,1647149.0,0.0
1650669.0,1650549.0,0.0
1650699.0,1645659.0,0.0
1650999.0,1644749.0,1.0
1651009.0,1646289.0,1.0
1651049.0,1651009.0,0.0
1651079.0,1651009.0,0.0
1651149.0,1650669.0,0.0
1651159.0,1651009.0,0.0
1651229.0,1651009.0,0.0
1651279.0,1651009.0,0.0
1651609.0,1651229.0,0.0
1651659.0,1646189.0,0.0
1651699.0,1651009.0,0.0
1651739.0,1648739.0,1.0
1651759.0,1651739.0,1.0
1651829.0,1651739.0,0.0
1651839.0,1651739.0,0.0
1651939.0,1651739.0,0.0
1651969.0,1645299.0,1.0
1651979.0,1651969.0,0.0
1652049.0,1649289.0,0.0
1652119.0,1651739.0,1.0
1652299.0,1651009.0,0.0
1652389.0,1651739.0,1.0
1652429.0,1651159.0,0.0
1652799.0,1651739.0,0.0
1652849.0,1652429.0,0.0
1652969.0,1651739.0,1.0
1653159.0,1651969.0,0.0
1653179.0,1651739.0,0.0
1653189.0,1652049.0,0.0
1653249.0,1645659.0,0.0
1653289.0,1653249.0,1.0
1653309.0,1653289.0,0.0
1653369.0,1653289.0,0.0
1653429.0,1648779.0,0.0
1653439.0,1653289.0,0.0
1653479.0,1651939.0,0.0
1653899.0,1647679.0,0.0
1654199.0,1653899.0,1.0
1654209.0,1654199.0,1.0
1654219.0,1654199.0,1.0
1654239.0,1654199.0,1.0
1654249.0,1654239.0,1.0
1654359.0,1651739.0,0.0
1654609.0,1654199.0,1.0
1654859.0,1654609.0,0.0
1654949.0,1654199.0,0.0
1655059.0,1651969.0,0.0
1655249.0,1654199.0,0.0
1655359.0,1651229.0,0.0
1655469.0,1652429.0,0.0
1655599.0,1651659.0,0.0
1655689.0,1655469.0,0.0
1655819.0,1655689.0,0.0
1656209.0,1651739.0,1.0
1656309.0,1656209.0,0.0
1656319.0,1656309.0,0.0
1656369.0,1655469.0,1.0
1656399.0,1656309.0,1.0
1656439.0,1656399.0,1.0
1656579.0,1655819.0,0.0
1656719.0,1656579.0,1.0
1656729.0,1656719.0,1.0
1656769.0,1656719.0,1.0
1656849.0,1656729.0,1.0
1656879.0,1656769.0,1.0
1656909.0,1656849.0,1.0
1656949.0,1656439.0,0.0
1657009.0,1654859.0,0.0
1657119.0,1651839.0,1.0
1657129.0,1657119.0,0.0
1657139.0,1652799.0,1.0
1657189.0,1656909.0,1.0
1657239.0,1656439.0,1.0
1657249.0,1657239.0,0.0
1657259.0,1657249.0,0.0
1657399.0,1656719.0,1.0
1657409.0,1657399.0,0.0
1657589.0,1651739.0,0.0
1657619.0,1657409.0,0.0
1657649.0,1657589.0,1.0
1657679.0,1656309.0,1.0
1657699.0,1657679.0,0.0
1657709.0,1657699.0,1.0
1657729.0,1657699.0,1.0
1657739.0,1657699.0,1.0
1657839.0,1657189.0,0.0
1657959.0,1657699.0,0.0
1658049.0,1654199.0,0.0
1658079.0,1655059.0,0.0
1658119.0,1655359.0,0.0
1658209.0,1652049.0,1.0
1658259.0,1658209.0,0.0
1658289.0,1658259.0,0.0
1658319.0,1654199.0,1.0
1658399.0,1657649.0,0.0
1658439.0,1656879.0,1.0
1658449.0,1656729.0,1.0
1658499.0,1658449.0,0.0
1658589.0,1658399.0,1.0
1658639.0,1656769.0,1.0
1658749.0,1658499.0,1.0
1658759.0,1658749.0,1.0
1658779.0,1656949.0,0.0
1658789.0,1658779.0,1.0
1658799.0,1658759.0,1.0
1658809.0,1658799.0,1.0
1658829.0,1658749.0,1.0
1658849.0,1658799.0,1.0
1658869.0,1658849.0,0.0
1658939.0,1654949.0,1.0
1658949.0,1658829.0,1.0
1658959.0,1658949.0,1.0
1658969.0,1658949.0,1.0
1658979.0,1658949.0,1.0
1659009.0,1658949.0,1.0
1659019.0,1658949.0,1.0
1659049.0,1658499.0,1.0
1659069.0,1659019.0,1.0
1659089.0,1655819.0,0.0
1659219.0,1658949.0,0.0
1659229.0,1658939.0,1.0
1659329.0,1658949.0,0.0
1659339.0,1659329.0,1.0
1659359.0,1659329.0,1.0
1659369.0,1659339.0,1.0
1659379.0,1659369.0,0.0
1659399.0,1657699.0,1.0
1659459.0,1659379.0,1.0
1659469.0,1659399.0,1.0
1659579.0,1659459.0,1.0
1659639.0,1659579.0,1.0
1659649.0,1659579.0,0.0
1659769.0,1657409.0,1.0
1659819.0,1659649.0,0.0
1659849.0,1659469.0,0.0
1659899.0,1659769.0,0.0
1659959.0,1658079.0,1.0
1659969.0,1658979.0,1.0
1660039.0,1659959.0,1.0
1660049.0,1659969.0,0.0
1660059.0,1654859.0,1.0
1660079.0,1659469.0,1.0
1660099.0,1660079.0,1.0
1660149.0,1659769.0,0.0
1660159.0,1660079.0,1.0
1660169.0,1659329.0,0.0
1660179.0,1660079.0,1.0
1660269.0,1660079.0,1.0
1660309.0,1660079.0,1.0
1660319.0,1660169.0,1.0
1660329.0,1660309.0,1.0
1660339.0,1660329.0,1.0
1660349.0,1660329.0,1.0
1660369.0,1660349.0,1.0
1660379.0,1660169.0,1.0
1660399.0,1660369.0,1.0
1660439.0,1660369.0,0.0
1660469.0,1660329.0,1.0
1660519.0,1660079.0,1.0
1660559.0,1660519.0,1.0
1660569.0,1660519.0,1.0
1660659.0,1659649.0,1.0
1660689.0,1660569.0,1.0
1660699.0,1660379.0,0.0
1660949.0,1660329.0,1.0
1661099.0,1660349.0,1.0
1661189.0,1659579.0,0.0
1661419.0,1660179.0,1.0
1661479.0,1660159.0,0.0
1661529.0,1661479.0,1.0
1661649.0,1658079.0,1.0
1661789.0,1660349.0,0.0
1661909.0,1660329.0,1.0
1662129.0,1659769.0,0.0
1662159.0,1660329.0,1.0
1662239.0,1659339.0,0.0
1662269.0,1658209.0,1.0
1662279.0,1660079.0,1.0
1662289.0,1662279.0,1.0
1662299.0,1659649.0,1.0
1662339.0,1662239.0,1.0
1662379.0,1662299.0,0.0
1662389.0,1662379.0,0.0
1662599.0,1661479.0,1.0
1662639.0,1658449.0,0.0
1662669.0,1662639.0,1.0
1662769.0,1662599.0,0.0
1662779.0,1661909.0,1.0
1662829.0,1662639.0,0.0
1662849.0,1659369.0,1.0
1663009.0,1662159.0,0.0
1663089.0,1661649.0,1.0
1663159.0,1662269.0,0.0
1663299.0,1662639.0,0.0
1663379.0,1663159.0,0.0
1663449.0,1662639.0,1.0
1663499.0,1663449.0,1.0
1663519.0,1663449.0,1.0
1663529.0,1663519.0,0.0
1663549.0,1663379.0,1.0
1663559.0,1663529.0,0.0
1663629.0,1663449.0,0.0
1663699.0,1663629.0,0.0
1663719.0,1661479.0,0.0
1663729.0,1663719.0,0.0
1663739.0,1663729.0,0.0
1663759.0,1663729.0,0.0
1663899.0,1663719.0,0.0
1663929.0,1659379.0,1.0
1663969.0,1661649.0,0.0
1663979.0,1663969.0,1.0
1663989.0,1662299.0,1.0
1664019.0,1660379.0,0.0
1664049.0,1662639.0,0.0
1664139.0,1661419.0,1.0
1664159.0,1659379.0,0.0
1664379.0,1663549.0,1.0
1664389.0,1664379.0,0.0
1664409.0,1664379.0,0.0
1664469.0,1664379.0,1.0
1664519.0,1664159.0,0.0
1664589.0,1662639.0,0.0
1664599.0,1663449.0,1.0
1664639.0,1664599.0,0.0
1664759.0,1664599.0,0.0
1664859.0,1662639.0,1.0
1664879.0,1662639.0,0.0
1665029.0,1664049.0,0.0
1665279.0,1663969.0,1.0
1665479.0,1664759.0,0.0
1665489.0,1664379.0,1.0
1665499.0,1665489.0,1.0
1665529.0,1665499.0,1.0
1665539.0,1665489.0,0.0
1665679.0,1665529.0,1.0
1665719.0,1665499.0,0.0
1665739.0,1665679.0,0.0
1665779.0,1664599.0,0.0
1665829.0,1663449.0,0.0
1665889.0,1663899.0,0.0
1665909.0,1660349.0,1.0
1665929.0,1665909.0,1.0
1665969.0,1665889.0,0.0
1666039.0,1665679.0,0.0
1666499.0,1665739.0,1.0
1666609.0,1666039.0,0.0
1666669.0,1665679.0,0.0
1666679.0,1663449.0,0.0
1666759.0,1663969.0,1.0
1666829.0,1664159.0,0.0
1666929.0,1666679.0,0.0
1667089.0,1666929.0,0.0
1667099.0,1667089.0,0.0
1667179.0,1666929.0,0.0
1667249.0,1662639.0,0.0
1667389.0,1666929.0,0.0
1667559.0,1663299.0,0.0
1667649.0,1667389.0,0.0
1667679.0,1663159.0,0.0
1667699.0,1667679.0,1.0
1667709.0,1667679.0,1.0
1667819.0,1667709.0,1.0
1667829.0,1667819.0,1.0
1667969.0,1667709.0,1.0
1667979.0,1667969.0,1.0
1668009.0,1667819.0,1.0
1668019.0,1668009.0,1.0
1668039.0,1668019.0,0.0
1668049.0,1668019.0,0.0
1668069.0,1668019.0,0.0
1668219.0,1666759.0,0.0
1668359.0,1668049.0,1.0
1668459.0,1667819.0,0.0
1668489.0,1667649.0,0.0
1668589.0,1664599.0,0.0
1668619.0,1668589.0,0.0
1668709.0,1666929.0,1.0
1668719.0,1667979.0,0.0
1668729.0,1668719.0,0.0
1669399.0,1667969.0,0.0
1669429.0,1669399.0,0.0
1669789.0,1666929.0,0.0
1669919.0,1663449.0,0.0
1670129.0,1669399.0,1.0
1670659.0,1670129.0,0.0
1670709.0,1669789.0,0.0
1670799.0,1669399.0,1.0
1670809.0,1670799.0,0.0
1671229.0,1670709.0,0.0
1671239.0,1665279.0,0.0
1671289.0,1664879.0,1.0
1671309.0,1671289.0,1.0
1671339.0,1671309.0,1.0
1671369.0,1671339.0,1.0
1671409.0,1671339.0,1.0
1671439.0,1671339.0,0.0
1671479.0,1671339.0,1.0
1671589.0,1671339.0,0.0
1671659.0,1671339.0,1.0
1671809.0,1671309.0,0.0
1671819.0,1669429.0,1.0
1671889.0,1671339.0,1.0
1671989.0,1664019.0,1.0
1672029.0,1671989.0,1.0
1672039.0,1672029.0,1.0
1672049.0,1672039.0,1.0
1672059.0,1672039.0,1.0
1672089.0,1672059.0,1.0
1672149.0,1671369.0,1.0
1672179.0,1664639.0,1.0
1672239.0,1671989.0,1.0
1672249.0,1671989.0,0.0
1672289.0,1672039.0,1.0
1672309.0,1672059.0,1.0
1672319.0,1672039.0,0.0
1672479.0,1668019.0,1.0
1672509.0,1672319.0,1.0
1672529.0,1672509.0,1.0
1672679.0,1672319.0,1.0
1672719.0,1672049.0,1.0
1672729.0,1672319.0,1.0
1672819.0,1672309.0,1.0
1672899.0,1672819.0,1.0
1672939.0,1672039.0,1.0
1673029.0,1671339.0,1.0
1673039.0,1673029.0,1.0
1673069.0,1673039.0,1.0
1673089.0,1672029.0,1.0
1673139.0,1672319.0,0.0
1673209.0,1669429.0,0.0
1673219.0,1673209.0,1.0
1673259.0,1672319.0,0.0
1673369.0,1672309.0,0.0
1673419.0,1667969.0,1.0
1673589.0,1673419.0,0.0
1673619.0,1672309.0,0.0
1673909.0,1673589.0,0.0
1673949.0,1673909.0,1.0
1673999.0,1666759.0,0.0
1674059.0,1666929.0,1.0
1674079.0,1671369.0,0.0
1674089.0,1674079.0,1.0
1674139.0,1673419.0,0.0
1674329.0,1671339.0,1.0
1674349.0,1672029.0,0.0
1674409.0,1668489.0,1.0
1674489.0,1673259.0,1.0
1674509.0,1674489.0,1.0
1674519.0,1674489.0,0.0
1674569.0,1670809.0,1.0
1674579.0,1671989.0,1.0
1674609.0,1674489.0,0.0
1674639.0,1674409.0,1.0
1674689.0,1672039.0,1.0
1674859.0,1672319.0,1.0
1674899.0,1674859.0,0.0
1674959.0,1672179.0,0.0
1674999.0,1674959.0,1.0
1675019.0,1672309.0,1.0
1675109.0,1675019.0,1.0
1675189.0,1674489.0,1.0
1675199.0,1672899.0,1.0
1675229.0,1675189.0,1.0
1675279.0,1675199.0,0.0
1675409.0,1674569.0,0.0
1675439.0,1675409.0,0.0
1675579.0,1671239.0,0.0
1675609.0,1675579.0,1.0
1676049.0,1672309.0,0.0
1676089.0,1676049.0,1.0
1676129.0,1672239.0,0.0
1676159.0,1675439.0,0.0
1676169.0,1676159.0,0.0
1676219.0,1676049.0,1.0
1676229.0,1676129.0,0.0
1676349.0,1676049.0,0.0
1676549.0,1673209.0,1.0
1676609.0,1676229.0,0.0
1676819.0,1676549.0,0.0
1676829.0,1676089.0,0.0
1676849.0,1676819.0,0.0
1676889.0,1676549.0,0.0
1676989.0,1676829.0,0.0
1676999.0,1672179.0,1.0
1677069.0,1673219.0,0.0
1677309.0,1676089.0,0.0
1677339.0,1676159.0,1.0
1677409.0,1674489.0,0.0
1677489.0,1677409.0,0.0
1677549.0,1677489.0,1.0
1677599.0,1677409.0,0.0
1677669.0,1676159.0,1.0
1677699.0,1672529.0,0.0
1677759.0,1677669.0,0.0
1677799.0,1676999.0,0.0
1677819.0,1674409.0,1.0
1677869.0,1672309.0,1.0
1677889.0,1677819.0,0.0
1677949.0,1677869.0,1.0
1677989.0,1677699.0,0.0
1678059.0,1677989.0,0.0
1678109.0,1677869.0,0.0
1678129.0,1678059.0,0.0
1678239.0,1678129.0,1.0
1678249.0,1677699.0,0.0
1678289.0,1677949.0,1.0
1678299.0,1678249.0,1.0
1678339.0,1678299.0,0.0
1678519.0,1678239.0,0.0
1678529.0,1677489.0,1.0
1678599.0,1677069.0,0.0
1678839.0,1677759.0,1.0
1678849.0,1678839.0,0.0
1678869.0,1677819.0,0.0
1678889.0,1678869.0,0.0
1678919.0,1678869.0,0.0
1678929.0,1678849.0,1.0
1679149.0,1678869.0,1.0
1679159.0,1677819.0,1.0
1679249.0,1677889.0,0.0
1679289.0,1678849.0,0.0
1679489.0,1679249.0,0.0
1679519.0,1679489.0,0.0
1679539.0,1679519.0,0.0
1679659.0,1679289.0,0.0
1679859.0,1679289.0,0.0
1679979.0,1678869.0,0.0
1680199.0,1678599.0,0.0
1680489.0,1676049.0,0.0
1680499.0,1680489.0,0.0
1680519.0,1680489.0,1.0
1680539.0,1680489.0,0.0
1681339.0,1678869.0,1.0
1681419.0,1681339.0,1.0
1681459.0,1680199.0,0.0
1681519.0,1681419.0,1.0
1681539.0,1681519.0,1.0
1681569.0,1681539.0,1.0
1681579.0,1681569.0,1.0
1681589.0,1681579.0,1.0
1681869.0,1681339.0,1.0
1681889.0,1681869.0,1.0
1681919.0,1681889.0,0.0
1682039.0,1679659.0,0.0
1682169.0,1680499.0,1.0
1682269.0,1681519.0,0.0
1682319.0,1682269.0,0.0
1682429.0,1681459.0,1.0
1682499.0,1681339.0,1.0
1682519.0,1682499.0,0.0
1682539.0,1682499.0,1.0
1682549.0,1682499.0,1.0
1682589.0,1682519.0,1.0
1682619.0,1682549.0,1.0
1682649.0,1682619.0,0.0
1682739.0,1682499.0,1.0
1682759.0,1681459.0,1.0
1682789.0,1682619.0,0.0
1682999.0,1680489.0,0.0
1683139.0,1678599.0,0.0
1683189.0,1682789.0,1.0
1683209.0,1682269.0,1.0
1683219.0,1683209.0,0.0
1683229.0,1683219.0,1.0
1683239.0,1683219.0,1.0
1683249.0,1682499.0,1.0
1683269.0,1683219.0,1.0
1683279.0,1683249.0,0.0
1683289.0,1683279.0,1.0
1683299.0,1681339.0,1.0
1683359.0,1683269.0,1.0
1683419.0,1683299.0,1.0
1683459.0,1683359.0,1.0
1683489.0,1683459.0,0.0
1683519.0,1678869.0,1.0
1683539.0,1681569.0,1.0
1683549.0,1683459.0,0.0
1683629.0,1683519.0,0.0
1683659.0,1683629.0,0.0
1683709.0,1683659.0,1.0
1683799.0,1683249.0,1.0
1683889.0,1683539.0,0.0
1683989.0,1680519.0,0.0
1684129.0,1683539.0,0.0
1684149.0,1683629.0,0.0
1684179.0,1679289.0,1.0
1684229.0,1683539.0,1.0
1684249.0,1683269.0,0.0
1684269.0,1683989.0,1.0
1684279.0,1684269.0,1.0
1684299.0,1684279.0,1.0
1684319.0,1684299.0,1.0
1684359.0,1684319.0,1.0
1684479.0,1684299.0,0.0
1684489.0,1684279.0,1.0
1684499.0,1684489.0,1.0
1684529.0,1684229.0,1.0
1684569.0,1684359.0,1.0
1684599.0,1684479.0,1.0
1684609.0,1684599.0,0.0
1684749.0,1684499.0,0.0
1684849.0,1683709.0,0.0
1684929.0,1684609.0,0.0
1684959.0,1684929.0,0.0
1684989.0,1683249.0,0.0
1685029.0,1684179.0,1.0
1685069.0,1683249.0,0.0
1685099.0,1685069.0,1.0
1685129.0,1685069.0,1.0
1685189.0,1685099.0,0.0
1685269.0,1685069.0,1.0
1685289.0,1683539.0,0.0
1685499.0,1679859.0,0.0
1685599.0,1684129.0,0.0
1685679.0,1683299.0,1.0
1685689.0,1685679.0,0.0
1685749.0,1685679.0,0.0
1685769.0,1684279.0,0.0
1685779.0,1685679.0,0.0
1685849.0,1685679.0,0.0
1685909.0,1685769.0,0.0
1686219.0,1685679.0,0.0
1686329.0,1684959.0,1.0
1686339.0,1686329.0,0.0
1686419.0,1685909.0,0.0
1686599.0,1684849.0,0.0
1686679.0,1685679.0,0.0
1686879.0,1686329.0,0.0
1687019.0,1686329.0,0.0
1687149.0,1687019.0,0.0
1687199.0,1687149.0,0.0
1687249.0,1686679.0,0.0
1687279.0,1686679.0,0.0
1687439.0,1687279.0,0.0
1687559.0,1687439.0,0.0
1687679.0,1687439.0,0.0
1687809.0,1685909.0,0.0
1687929.0,1687809.0,0.0
1688399.0,1684749.0,0.0
1688419.0,1687809.0,1.0
1688429.0,1688419.0,1.0
1688439.0,1688419.0,1.0
1688479.0,1688439.0,1.0
1688489.0,1688429.0,1.0
1688509.0,1688479.0,1.0
1688519.0,1688439.0,1.0
1688529.0,1688479.0,1.0
1688569.0,1688509.0,1.0
1688579.0,1688429.0,1.0
1688589.0,1688579.0,1.0
1688599.0,1688569.0,1.0
1688609.0,1688589.0,1.0
1688619.0,1688439.0,0.0
1688659.0,1685689.0,1.0
1688689.0,1688589.0,1.0
1688709.0,1688599.0,1.0
1688739.0,1688689.0,1.0
1688749.0,1688739.0,1.0
1688759.0,1688749.0,1.0
1688769.0,1688739.0,1.0
1688779.0,1688739.0,1.0
1688799.0,1688749.0,1.0
1688809.0,1688749.0,1.0
1688819.0,1688769.0,1.0
1688829.0,1688579.0,1.0
1688839.0,1688829.0,1.0
1688849.0,1688749.0,1.0
1688869.0,1688829.0,1.0
1688889.0,1688419.0,1.0
1688899.0,1688869.0,1.0
1688909.0,1688899.0,1.0
1688919.0,1688869.0,1.0
1688929.0,1688799.0,1.0
1688949.0,1688899.0,1.0
1688959.0,1688689.0,1.0
1688969.0,1688749.0,1.0
1689019.0,1688749.0,1.0
1689049.0,1688509.0,1.0
1689129.0,1688509.0,1.0
1689139.0,1688899.0,1.0
1689159.0,1689129.0,1.0
1689179.0,1688899.0,1.0
1689269.0,1688749.0,1.0
1689359.0,1689049.0,1.0
1689369.0,1689359.0,1.0
1689379.0,1688689.0,1.0
1689389.0,1689379.0,1.0
1689399.0,1689379.0,1.0
1689419.0,1689399.0,1.0
1689439.0,1689359.0,0.0
1689529.0,1688399.0,0.0
1689569.0,1686679.0,1.0
1689589.0,1689569.0,1.0
1689599.0,1689569.0,1.0
1689639.0,1688869.0,1.0
1689649.0,1689569.0,1.0
1689689.0,1689649.0,1.0
1689749.0,1689649.0,1.0
1689759.0,1689749.0,1.0
1689769.0,1689749.0,1.0
1689799.0,1689569.0,1.0
1689819.0,1689749.0,1.0
1689939.0,1689569.0,1.0
1690039.0,1689569.0,1.0
1690069.0,1690039.0,0.0
1690089.0,1690069.0,1.0
1690099.0,1689819.0,0.0
1690119.0,1688399.0,0.0
1690149.0,1688749.0,1.0
1690159.0,1690149.0,1.0
1690179.0,1690149.0,0.0
1690199.0,1690179.0,0.0
1690339.0,1687439.0,0.0
1690359.0,1690339.0,0.0
1690519.0,1689569.0,0.0
1690829.0,1689569.0,0.0
1691029.0,1686329.0,0.0
1691089.0,1690339.0,0.0
1691139.0,1689569.0,0.0
1691219.0,1688749.0,0.0
1691459.0,1687439.0,0.0
1691509.0,1689569.0,0.0
1691589.0,1688399.0,0.0
1691639.0,1691219.0,0.0
1691679.0,1691589.0,1.0
1691699.0,1689569.0,0.0
1691909.0,1688749.0,1.0
1691919.0,1691909.0,0.0
1691929.0,1691919.0,1.0
1691959.0,1691909.0,0.0
1691999.0,1691029.0,1.0
1692009.0,1691929.0,1.0
1692059.0,1692009.0,1.0
1692129.0,1691929.0,0.0
1692289.0,1688749.0,0.0
1692419.0,1691459.0,0.0
1692459.0,1691929.0,1.0
1692649.0,1692419.0,0.0
1692739.0,1691219.0,1.0
1692769.0,1692419.0,1.0
1692799.0,1692769.0,1.0
1692809.0,1692769.0,0.0
1692819.0,1691929.0,1.0
1692919.0,1691999.0,0.0
1693109.0,1691589.0,1.0
1693129.0,1692649.0,0.0
1693639.0,1692769.0,0.0
1693699.0,1692919.0,0.0
1693779.0,1691219.0,1.0
1693849.0,1692919.0,0.0
1693879.0,1692769.0,0.0
1693909.0,1693879.0,1.0
1693989.0,1693879.0,0.0
1694059.0,1693849.0,0.0
1694409.0,1688749.0,0.0
1694439.0,1694409.0,0.0
1694629.0,1691919.0,0.0
1694829.0,1690119.0,0.0
1694909.0,1691219.0,0.0
1694959.0,1689569.0,1.0
1694999.0,1691929.0,1.0
1695049.0,1692919.0,1.0
1695099.0,1694959.0,0.0
1695379.0,1691919.0,0.0
1695639.0,1694959.0,0.0
1696179.0,1694959.0,0.0
1696189.0,1696179.0,0.0
1696429.0,1696189.0,1.0
1696439.0,1696429.0,1.0
1696449.0,1696439.0,1.0
1696459.0,1696439.0,0.0
1696499.0,1696439.0,1.0
1696509.0,1696439.0,0.0
1696649.0,1691589.0,0.0
1696689.0,1696649.0,0.0
1696859.0,1691929.0,0.0
1696919.0,1696859.0,0.0
1696979.0,1696439.0,0.0
1696999.0,1691219.0,0.0
1697009.0,1696919.0,1.0
1697019.0,1697009.0,0.0
1697119.0,1692769.0,1.0
1697129.0,1695049.0,0.0
1697459.0,1696499.0,0.0
1697539.0,1691459.0,1.0
1697559.0,1697539.0,0.0
1697569.0,1694909.0,0.0
1697659.0,1697569.0,0.0
1697769.0,1697459.0,0.0
1697829.0,1697129.0,1.0
1697929.0,1697829.0,0.0
1698039.0,1689569.0,0.0
1698059.0,1698039.0,1.0
1698169.0,1698059.0,1.0
1698269.0,1692419.0,1.0
1698299.0,1696459.0,0.0
1698449.0,1698299.0,1.0
1698459.0,1698449.0,1.0
1698479.0,1698459.0,1.0
1698529.0,1698449.0,1.0
1698899.0,1698459.0,1.0
1699369.0,1694999.0,1.0
1699449.0,1693129.0,0.0
1699499.0,1694439.0,0.0
1699629.0,1699369.0,0.0
1699639.0,1698449.0,0.0
1699649.0,1699639.0,1.0
1699659.0,1699649.0,0.0
1699839.0,1699649.0,1.0
1699939.0,1692919.0,0.0
1699949.0,1698449.0,0.0
1700009.0,1694959.0,0.0
1700199.0,1698449.0,0.0
1700229.0,1699649.0,1.0
1700249.0,1700199.0,0.0
1700259.0,1700199.0,0.0
1700269.0,1700229.0,0.0
1700289.0,1700199.0,0.0
1700369.0,1700269.0,1.0
1700389.0,1700269.0,1.0
1700429.0,1694909.0,0.0
1700499.0,1700199.0,0.0
1700569.0,1700499.0,1.0
1700589.0,1700569.0,0.0
1700609.0,1700589.0,1.0
1700679.0,1700609.0,0.0
1700849.0,1694959.0,0.0
1700929.0,1700269.0,0.0
1700959.0,1700199.0,1.0
1701329.0,1700429.0,0.0
1701349.0,1699449.0,1.0
1701369.0,1701349.0,1.0
1701479.0,1701369.0,1.0
1701489.0,1701479.0,0.0
1701509.0,1701479.0,1.0
1701519.0,1701479.0,1.0
1701549.0,1701479.0,1.0
1701559.0,1701509.0,1.0
1701589.0,1701549.0,0.0
1701619.0,1699649.0,1.0
1701629.0,1701519.0,0.0
1701659.0,1699629.0,0.0
1701679.0,1701489.0,0.0
1701689.0,1700199.0,0.0
1701729.0,1701559.0,1.0
1701759.0,1701479.0,1.0
1701769.0,1701759.0,1.0
1701779.0,1701769.0,1.0
1701789.0,1701369.0,1.0
1701889.0,1701779.0,1.0
1701909.0,1701759.0,0.0
1702169.0,1700199.0,0.0
1702219.0,1698449.0,0.0
1702229.0,1694959.0,0.0
1702269.0,1698059.0,1.0
1702319.0,1702269.0,1.0
1702339.0,1702269.0,0.0
1702409.0,1702319.0,0.0
1702509.0,1701559.0,0.0
1702799.0,1702509.0,0.0
1702889.0,1702799.0,0.0
1702949.0,1700199.0,0.0
1703109.0,1698449.0,1.0
1703129.0,1703109.0,0.0
1703209.0,1702799.0,0.0
1703259.0,1703209.0,0.0
1703289.0,1703129.0,0.0
1703439.0,1699939.0,1.0
1703459.0,1703259.0,0.0
1703499.0,1702269.0,1.0
1703629.0,1699939.0,1.0
1703669.0,1703459.0,0.0
1703749.0,1700269.0,0.0
1703889.0,1702169.0,0.0
1703959.0,1702799.0,0.0
1703979.0,1703889.0,0.0
1704149.0,1699949.0,0.0
1704159.0,1704149.0,0.0
1704189.0,1703459.0,0.0
1704369.0,1703209.0,0.0
1704409.0,1700199.0,1.0
1704439.0,1704369.0,1.0
1704519.0,1704189.0,0.0
1704699.0,1700199.0,1.0
1704859.0,1704699.0,0.0
1705089.0,1704859.0,0.0
1705169.0,1703959.0,1.0
1705219.0,1704189.0,0.0
1705379.0,1702269.0,0.0
1705429.0,1702509.0,0.0
1705569.0,1704439.0,1.0
1705709.0,1699369.0,0.0
1705779.0,1705569.0,1.0
1705789.0,1705779.0,0.0
1705799.0,1705709.0,0.0
1706029.0,1703629.0,0.0
1706189.0,1705379.0,0.0
1706229.0,1706189.0,0.0
1706289.0,1701689.0,0.0
1706329.0,1699649.0,0.0
1706379.0,1706329.0,0.0
1706499.0,1704439.0,0.0
1706709.0,1702269.0,0.0
1706849.0,1706329.0,0.0
1706899.0,1703979.0,0.0
1706939.0,1706289.0,1.0
1706999.0,1703629.0,0.0
1707179.0,1701769.0,0.0
1707189.0,1701729.0,0.0
1707209.0,1706939.0,0.0
1707329.0,1706999.0,0.0
1707359.0,1705799.0,0.0
1707479.0,1707359.0,0.0
1707529.0,1703129.0,0.0
1707629.0,1707529.0,0.0
1707729.0,1700589.0,0.0
1707849.0,1706939.0,0.0
1707879.0,1707479.0,1.0
1707899.0,1707879.0,0.0
1708129.0,1705569.0,0.0
1708199.0,1708129.0,0.0
1708229.0,1707879.0,0.0
1708299.0,1708229.0,0.0
1708349.0,1708299.0,1.0
1708359.0,1708129.0,1.0
1708399.0,1706029.0,1.0
1708409.0,1704369.0,1.0
1708499.0,1701789.0,1.0
1708509.0,1702269.0,1.0
1708539.0,1708499.0,0.0
1708559.0,1708539.0,1.0
1708589.0,1708509.0,1.0
1708599.0,1708589.0,1.0
1708689.0,1704439.0,0.0
1708709.0,1708689.0,0.0
1708719.0,1708689.0,1.0
1708749.0,1702319.0,1.0
1708759.0,1708709.0,0.0
1708819.0,1705779.0,0.0
1708859.0,1707849.0,1.0
1708949.0,1708709.0,0.0
1708979.0,1708949.0,0.0
1708999.0,1708949.0,0.0
1709009.0,1708999.0,0.0
1709019.0,1708979.0,0.0
1709159.0,1708719.0,0.0
1709179.0,1708539.0,0.0
1709229.0,1709179.0,0.0
1709239.0,1709229.0,0.0
1709269.0,1704519.0,1.0
1709279.0,1709269.0,1.0
1709329.0,1707359.0,1.0
1709349.0,1708709.0,0.0
1709369.0,1702269.0,0.0
1709679.0,1702509.0,0.0
1709689.0,1708979.0,0.0
1709699.0,1709369.0,1.0
1709709.0,1709699.0,0.0
1709849.0,1704699.0,1.0
1709859.0,1703629.0,0.0
1709919.0,1709679.0,0.0
1709939.0,1709919.0,1.0
1709949.0,1709709.0,1.0
1709969.0,1709949.0,0.0
1710009.0,1709179.0,0.0
1710029.0,1710009.0,0.0
1710139.0,1708199.0,0.0
1710239.0,1710139.0,0.0
1710459.0,1708749.0,0.0
1710469.0,1710459.0,1.0
1710539.0,1710469.0,0.0
1710549.0,1707629.0,0.0
1710619.0,1707879.0,0.0
1710699.0,1709709.0,0.0
1710819.0,1710029.0,0.0
1711019.0,1709859.0,0.0
1711029.0,1710539.0,0.0
1711049.0,1711029.0,1.0
1711079.0,1707879.0,1.0
1711289.0,1711079.0,0.0
1711319.0,1705569.0,0.0
1711369.0,1708999.0,0.0
1711389.0,1707359.0,1.0
1711479.0,1711289.0,1.0
1711609.0,1709279.0,0.0
1711639.0,1708509.0,1.0
1711659.0,1711639.0,1.0
1711699.0,1707879.0,0.0
1711709.0,1709689.0,1.0
1711719.0,1711659.0,0.0
1711879.0,1711369.0,0.0
1711939.0,1708709.0,0.0
1711959.0,1711939.0,0.0
1711989.0,1710819.0,0.0
1712259.0,1710539.0,0.0
1712479.0,1711939.0,0.0
1712609.0,1711049.0,0.0
1712629.0,1711029.0,0.0
1712699.0,1709949.0,0.0
1712799.0,1711719.0,0.0
1712849.0,1712479.0,1.0
1712949.0,1712629.0,1.0
1712969.0,1712949.0,1.0
1713059.0,1710539.0,0.0
1713089.0,1712479.0,0.0
1713109.0,1713089.0,0.0
1713219.0,1712949.0,0.0
1713269.0,1711709.0,0.0
1713329.0,1713269.0,0.0
1713419.0,1707359.0,0.0
1713439.0,1713089.0,0.0
1713679.0,1713329.0,0.0
1713699.0,1709229.0,0.0
1713729.0,1713699.0,0.0
1713739.0,1713729.0,0.0
1713749.0,1713699.0,1.0
1713759.0,1711659.0,0.0
1713769.0,1713729.0,0.0
1713799.0,1713699.0,1.0
1713809.0,1713759.0,0.0
1713869.0,1713699.0,0.0
1713919.0,1713869.0,0.0
1713949.0,1709369.0,0.0
1714039.0,1713269.0,0.0
1714139.0,1708689.0,0.0
1714239.0,1713769.0,0.0
1714279.0,1714239.0,1.0
1714399.0,1709369.0,1.0
1714489.0,1712949.0,1.0
1714519.0,1714489.0,0.0
1714529.0,1713269.0,0.0
1714589.0,1713699.0,1.0
1714599.0,1714589.0,1.0
1714609.0,1714599.0,0.0
1714669.0,1714489.0,1.0
1714709.0,1714489.0,0.0
1714849.0,1713729.0,0.0
1714859.0,1714399.0,1.0
1714949.0,1712949.0,1.0
1715079.0,1714949.0,0.0
1715119.0,1714609.0,1.0
1715139.0,1715079.0,1.0
1715159.0,1715139.0,1.0
1715229.0,1715079.0,0.0
1715409.0,1713699.0,0.0
1715469.0,1715409.0,0.0
1715609.0,1715139.0,0.0
1715629.0,1715609.0,0.0
1715679.0,1714239.0,0.0
1715859.0,1715609.0,1.0
1716029.0,1715859.0,0.0
1716059.0,1715609.0,1.0
1716089.0,1715859.0,0.0
1716169.0,1715859.0,0.0
1716269.0,1715609.0,0.0
1716309.0,1715609.0,0.0
1716529.0,1715629.0,0.0
1716639.0,1715609.0,0.0
1716749.0,1715609.0,0.0
1716899.0,1711319.0,0.0
1716969.0,1711019.0,0.0
1717059.0,1716089.0,0.0
1717069.0,1717059.0,0.0
1717109.0,1717059.0,1.0
1717129.0,1717059.0,1.0
1717139.0,1717129.0,0.0
1717229.0,1713329.0,1.0
1717279.0,1717139.0,0.0
1717419.0,1717279.0,0.0
1717429.0,1717419.0,0.0
1717439.0,1715609.0,0.0
1717489.0,1717439.0,0.0
1717549.0,1711659.0,1.0
1717629.0,1717059.0,0.0
1717639.0,1711289.0,0.0
1717859.0,1716059.0,0.0
1717899.0,1717439.0,1.0
1717909.0,1715609.0,0.0
1717989.0,1717229.0,0.0
1718159.0,1715609.0,0.0
1718579.0,1715679.0,1.0
1718649.0,1716969.0,0.0
1718679.0,1718159.0,0.0
1718799.0,1717489.0,0.0
1718929.0,1718679.0,0.0
1718939.0,1715859.0,0.0
1719119.0,1715609.0,0.0
1719269.0,1711959.0,0.0
1719319.0,1716899.0,0.0
1719339.0,1718159.0,0.0
1719529.0,1719269.0,1.0
1719549.0,1719529.0,0.0
1719579.0,1719529.0,0.0
1719689.0,1717059.0,1.0
1719699.0,1719689.0,1.0
1719709.0,1719689.0,1.0
1719729.0,1719689.0,1.0
1719739.0,1719689.0,1.0
1719779.0,1719689.0,0.0
1719789.0,1719269.0,0.0
1719849.0,1719689.0,0.0
1719949.0,1719529.0,0.0
1719989.0,1719689.0,0.0
1720079.0,1719989.0,0.0
1720149.0,1714859.0,1.0
1720209.0,1719689.0,0.0
1720249.0,1720079.0,0.0
1720229.0,1720079.0,1.0
1720259.0,1720229.0,1.0
1720269.0,1720259.0,1.0
1720279.0,1720229.0,1.0
1720299.0,1720259.0,1.0
1720319.0,1720269.0,1.0
1720339.0,1720259.0,1.0
1720359.0,1720259.0,1.0
1720369.0,1720259.0,1.0
1720379.0,1720259.0,1.0
1720389.0,1720259.0,1.0
1720419.0,1720259.0,1.0
1720429.0,1720259.0,1.0
1720439.0,1720229.0,1.0
1720449.0,1720259.0,1.0
1720469.0,1720429.0,1.0
1720479.0,1720469.0,1.0
1720499.0,1720259.0,1.0
1720509.0,1720259.0,1.0
1720539.0,1720259.0,1.0
1720549.0,1720539.0,1.0
1720559.0,1720259.0,1.0
1720599.0,1720259.0,0.0
1720609.0,1720259.0,1.0
1720649.0,1720259.0,0.0
1720699.0,1720259.0,1.0
1720739.0,1720699.0,1.0
1720799.0,1720609.0,1.0
1720809.0,1720259.0,1.0
1720899.0,1720259.0,0.0
1720999.0,1720259.0,1.0
1721009.0,1720999.0,1.0
1721049.0,1720899.0,0.0
1721059.0,1721009.0,1.0
1721079.0,1720739.0,1.0
1721209.0,1720259.0,0.0
1721239.0,1720259.0,0.0
1721369.0,1720259.0,0.0
1721539.0,1717229.0,0.0
1721559.0,1720739.0,0.0
1722019.0,1718649.0,1.0
1722049.0,1722019.0,0.0
1722069.0,1720259.0,0.0
1722079.0,1722069.0,1.0
1722089.0,1722079.0,0.0
1722229.0,1719729.0,0.0
1722289.0,1722079.0,1.0
1722299.0,1722289.0,1.0
1722319.0,1719709.0,0.0
1722489.0,1721009.0,0.0
1722529.0,1722079.0,0.0
1722559.0,1722529.0,0.0
1722669.0,1720259.0,1.0
1722749.0,1722319.0,0.0
1722849.0,1720259.0,1.0
1722869.0,1722749.0,0.0
1722999.0,1722489.0,0.0
1723079.0,1722669.0,0.0
1723179.0,1722019.0,0.0
1723309.0,1720259.0,0.0
1723429.0,1723309.0,0.0
1723449.0,1723429.0,1.0
1723459.0,1723309.0,0.0
1723499.0,1722019.0,0.0
1723519.0,1718799.0,1.0
1723529.0,1723519.0,0.0
1723549.0,1720259.0,0.0
1723769.0,1723309.0,0.0
1723779.0,1721369.0,0.0
1723839.0,1723779.0,1.0
1723929.0,1723839.0,0.0
1724089.0,1719789.0,0.0
1724119.0,1723529.0,1.0
1724139.0,1724119.0,1.0
1724239.0,1723459.0,0.0
1724309.0,1720259.0,0.0
1724409.0,1721009.0,0.0
1724459.0,1722849.0,0.0
1724569.0,1723499.0,0.0
1724599.0,1722079.0,0.0
1724679.0,1723429.0,0.0
1724709.0,1724679.0,1.0
1724769.0,1722019.0,0.0
1724819.0,1719689.0,1.0
1724829.0,1722749.0,1.0
1724839.0,1724829.0,1.0
1724849.0,1724829.0,0.0
1724909.0,1724819.0,0.0
1725009.0,1721539.0,1.0
1725019.0,1725009.0,0.0
1725029.0,1725009.0,1.0
1725049.0,1725009.0,1.0
1725119.0,1725049.0,0.0
1725239.0,1725119.0,1.0
1725289.0,1725239.0,1.0
1725369.0,1725239.0,1.0
1725389.0,1725239.0,1.0
1725419.0,1725289.0,1.0
1725459.0,1724679.0,1.0
1725469.0,1725419.0,0.0
1725509.0,1722229.0,0.0
1725599.0,1725419.0,1.0
1725639.0,1725239.0,1.0
1725659.0,1725639.0,1.0
1725669.0,1725659.0,1.0
1725679.0,1725669.0,1.0
1725689.0,1725669.0,0.0
1725759.0,1725669.0,1.0
1725849.0,1725759.0,1.0
1725859.0,1725849.0,0.0
1725869.0,1725849.0,1.0
1725879.0,1725859.0,0.0
1725989.0,1725509.0,0.0
1725999.0,1725989.0,1.0
1726079.0,1724769.0,0.0
1726359.0,1725869.0,1.0
1726369.0,1726359.0,1.0
1726409.0,1725669.0,0.0
1726589.0,1725999.0,0.0
1726669.0,1726589.0,0.0
1726679.0,1722489.0,0.0
1726689.0,1722489.0,1.0
1726729.0,1726689.0,1.0
1726739.0,1726729.0,1.0
1726749.0,1726739.0,1.0
1726779.0,1726739.0,0.0
1726829.0,1726739.0,1.0
1726959.0,1726079.0,0.0
1727319.0,1722089.0,0.0
1727459.0,1725669.0,1.0
1727479.0,1727459.0,0.0
1727669.0,1727479.0,0.0
1727729.0,1725459.0,0.0
1727829.0,1722299.0,0.0
1727899.0,1727829.0,0.0
1728129.0,1726739.0,0.0
1728209.0,1726369.0,0.0
1728289.0,1727899.0,0.0
1728309.0,1727479.0,0.0
1728319.0,1726739.0,0.0
1728429.0,1726739.0,0.0
1728469.0,1728289.0,0.0
1728509.0,1726739.0,0.0
1728569.0,1727669.0,0.0
1728589.0,1728469.0,0.0
1728659.0,1728589.0,0.0
1728689.0,1726959.0,0.0
1728699.0,1728659.0,0.0
1728769.0,1728699.0,0.0
1728789.0,1728589.0,0.0
1728799.0,1728769.0,0.0
1728809.0,1728799.0,0.0
1728849.0,1728689.0,0.0
1729359.0,1728659.0,1.0
1729419.0,1728769.0,0.0
1729469.0,1724829.0,0.0
1729569.0,1728509.0,0.0
1729719.0,1724909.0,0.0
1729879.0,1728699.0,1.0
1729889.0,1729879.0,1.0
1729909.0,1729879.0,1.0
1729929.0,1729879.0,1.0
1729949.0,1729879.0,1.0
1729959.0,1729889.0,1.0
1730019.0,1729879.0,1.0
1730089.0,1729879.0,1.0
1730119.0,1729879.0,1.0
1730149.0,1730119.0,1.0
1730179.0,1729879.0,1.0
1730199.0,1730179.0,1.0
1730219.0,1729879.0,1.0
1730229.0,1729879.0,1.0
1730249.0,1729879.0,1.0
1730279.0,1729879.0,1.0
1730319.0,1730219.0,1.0
1730339.0,1730019.0,1.0
1730479.0,1729879.0,1.0
1730559.0,1729879.0,1.0
1730579.0,1730559.0,1.0
1730609.0,1730219.0,1.0
1730639.0,1730559.0,1.0
1730879.0,1729879.0,1.0
1731399.0,1730119.0,0.0
1731529.0,1731399.0,0.0
1731579.0,1731529.0,0.0
1731689.0,1729879.0,0.0
1731729.0,1729879.0,0.0
1731789.0,1729879.0,1.0
1731799.0,1731789.0,0.0
1731809.0,1729879.0,0.0
1731829.0,1728469.0,0.0
1731839.0,1731799.0,0.0
1731849.0,1729879.0,0.0
1732029.0,1729879.0,0.0
1732199.0,1729879.0,0.0
1732269.0,1729879.0,0.0
1732289.0,1732269.0,0.0
1732329.0,1729879.0,0.0
1732569.0,1729879.0,0.0
1732769.0,1732199.0,1.0
1732789.0,1729879.0,0.0
1732929.0,1729879.0,0.0
1732969.0,1726739.0,1.0
1732979.0,1732969.0,0.0
1732999.0,1732969.0,0.0
1733019.0,1729879.0,1.0
1733109.0,1730219.0,0.0
1733249.0,1732969.0,0.0
1733399.0,1731839.0,0.0
1733779.0,1729879.0,0.0
1733849.0,1729879.0,0.0
1733919.0,1729879.0,0.0
1733949.0,1733779.0,0.0
1733959.0,1733949.0,1.0
1734169.0,1729879.0,0.0
1734319.0,1729879.0,0.0
1734369.0,1729879.0,0.0
1734449.0,1726959.0,0.0
1734519.0,1734449.0,0.0
1734749.0,1733949.0,0.0
1734759.0,1734449.0,0.0
1734809.0,1729879.0,1.0
1734879.0,1726959.0,0.0
1734949.0,1730179.0,0.0
1734959.0,1734949.0,0.0
1734999.0,1729879.0,0.0
1735089.0,1729879.0,0.0
1735279.0,1734319.0,0.0
1735569.0,1735279.0,0.0
1735829.0,1731789.0,0.0
1736139.0,1729879.0,0.0
1736329.0,1736139.0,0.0
1736379.0,1729879.0,0.0
1736569.0,1729879.0,0.0
1736609.0,1735279.0,0.0
1736629.0,1736569.0,0.0
1736909.0,1733949.0,0.0
1736919.0,1729879.0,1.0
1736929.0,1736919.0,1.0
1736959.0,1736929.0,1.0
1736969.0,1736919.0,1.0
1736979.0,1736969.0,1.0
1736989.0,1736979.0,1.0
1736999.0,1736989.0,1.0
1737019.0,1736999.0,1.0
1737049.0,1736999.0,1.0
1737059.0,1736999.0,1.0
1737119.0,1736999.0,1.0
1737139.0,1736999.0,0.0
1737299.0,1729879.0,0.0
1737359.0,1736999.0,0.0
1737369.0,1737359.0,0.0
1737469.0,1729879.0,0.0
1737869.0,1729879.0,1.0
1737899.0,1733849.0,0.0
1738599.0,1729879.0,1.0
1738619.0,1738599.0,0.0
1738729.0,1729879.0,0.0
1738959.0,1733399.0,0.0
1739019.0,1737359.0,0.0
1739079.0,1739019.0,0.0
1739239.0,1739019.0,0.0
1739409.0,1739019.0,0.0
1739419.0,1739239.0,1.0
1739429.0,1739419.0,0.0
1739479.0,1731529.0,0.0
1739619.0,1739479.0,0.0
1739639.0,1739429.0,0.0
1739699.0,1739639.0,0.0
1739769.0,1732769.0,0.0
1739779.0,1739769.0,0.0
1739809.0,1739779.0,1.0
1739919.0,1734759.0,0.0
1739979.0,1739639.0,0.0
1739999.0,1739809.0,0.0
1740069.0,1739779.0,0.0
1740199.0,1740069.0,0.0
1740379.0,1739239.0,0.0
1740489.0,1739079.0,0.0
1740559.0,1733949.0,0.0
1740589.0,1739919.0,0.0
1740619.0,1740589.0,1.0
1740689.0,1740589.0,0.0
1741079.0,1737469.0,1.0
1741089.0,1741079.0,0.0
1741289.0,1734949.0,1.0
1741299.0,1741289.0,0.0
1741409.0,1740199.0,0.0
1741879.0,1731799.0,0.0
1742039.0,1740199.0,0.0
1742079.0,1740689.0,0.0
1742359.0,1741879.0,0.0
1742599.0,1740069.0,0.0
1742619.0,1742599.0,0.0
1742809.0,1742079.0,0.0
1742829.0,1742599.0,0.0
1742859.0,1736909.0,0.0
1742879.0,1742809.0,0.0
1742989.0,1741879.0,0.0
1743169.0,1742039.0,0.0
1743329.0,1739639.0,0.0
1743379.0,1743329.0,0.0
1743429.0,1742619.0,0.0
1743459.0,1743429.0,1.0
1743549.0,1739919.0,0.0
1743769.0,1739769.0,0.0
1743889.0,1742989.0,0.0
1743979.0,1739779.0,0.0
1743999.0,1743889.0,0.0
1744209.0,1740379.0,1.0
1744359.0,1743999.0,0.0
1744379.0,1744359.0,0.0
1744539.0,1743999.0,0.0
1744679.0,1743999.0,0.0
1744689.0,1744679.0,0.0
1744699.0,1744379.0,0.0
1744799.0,1743999.0,0.0
1744899.0,1743979.0,0.0
1744939.0,1744899.0,0.0
1745159.0,1743999.0,0.0
1745179.0,1745159.0,0.0
1745189.0,1743549.0,0.0
1745199.0,1744899.0,0.0
1745229.0,1744689.0,0.0
1745269.0,1743889.0,1.0
1745289.0,1745269.0,0.0
1745299.0,1745269.0,0.0
1745339.0,1744209.0,0.0
1745559.0,1744899.0,0.0
1745629.0,1736629.0,0.0
1745649.0,1740589.0,0.0
1746119.0,1736909.0,1.0
1746129.0,1744689.0,0.0
1746169.0,1743429.0,0.0
1746199.0,1745159.0,1.0
1746209.0,1746199.0,0.0
1746219.0,1746209.0,0.0
1746289.0,1746209.0,0.0
1746329.0,1746219.0,0.0
1746399.0,1746169.0,0.0
1746419.0,1746329.0,0.0
1746439.0,1746399.0,0.0
1746579.0,1746289.0,0.0
1746599.0,1746169.0,0.0
1746729.0,1746219.0,0.0
1746879.0,1746169.0,0.0
1746889.0,1746879.0,0.0
1747039.0,1743999.0,0.0
1747129.0,1746599.0,0.0
1747269.0,1743769.0,0.0
1747309.0,1745229.0,0.0
1747399.0,1745649.0,0.0
1747419.0,1747309.0,0.0
1747599.0,1743999.0,0.0
1747769.0,1746219.0,0.0
1747789.0,1747599.0,0.0
1747929.0,1744899.0,1.0
1747949.0,1747929.0,0.0
1748049.0,1747419.0,0.0
1748149.0,1748049.0,0.0
1748219.0,1745289.0,0.0
1748329.0,1743999.0,0.0
1748699.0,1739809.0,1.0
1748769.0,1748699.0,1.0
1748809.0,1742079.0,0.0
1749059.0,1748329.0,0.0
1749099.0,1748699.0,1.0
1749109.0,1749099.0,0.0
1749169.0,1749099.0,0.0
1749219.0,1748329.0,0.0
1749319.0,1749059.0,1.0
1749329.0,1749059.0,1.0
1749409.0,1749099.0,0.0
1749669.0,1748699.0,0.0
1749679.0,1749669.0,0.0
1749939.0,1748049.0,0.0
1750109.0,1749169.0,0.0
1750139.0,1749679.0,0.0
1750269.0,1748329.0,0.0
1750419.0,1748699.0,0.0
1750429.0,1742859.0,0.0
1750629.0,1746169.0,0.0
1750659.0,1750629.0,0.0
1750669.0,1749059.0,0.0
1750689.0,1745629.0,0.0
1750769.0,1748699.0,0.0
1750809.0,1750659.0,1.0
1750979.0,1748329.0,0.0
1751109.0,1750659.0,0.0
1751139.0,1750769.0,0.0
1751269.0,1749679.0,0.0
1751379.0,1751109.0,0.0
1751459.0,1748329.0,1.0
1751479.0,1750809.0,0.0
1751539.0,1751479.0,0.0
1751609.0,1749059.0,0.0
1751639.0,1749099.0,0.0
1751689.0,1751479.0,0.0
1751699.0,1745269.0,0.0
1751739.0,1748149.0,0.0
1751779.0,1751479.0,0.0
1751819.0,1743549.0,1.0
1752009.0,1751639.0,0.0
1752259.0,1746289.0,0.0
1752359.0,1752259.0,0.0
1752479.0,1752359.0,0.0
1752669.0,1749059.0,1.0
1752709.0,1752479.0,0.0
1752899.0,1751819.0,1.0
1752919.0,1752899.0,0.0
1753039.0,1752359.0,0.0
1753149.0,1753039.0,1.0
1753269.0,1748809.0,1.0
1753279.0,1753269.0,0.0
1753359.0,1745289.0,0.0
1753549.0,1750689.0,0.0
1754309.0,1752009.0,0.0
1754329.0,1748329.0,0.0
1754539.0,1752009.0,0.0
1754579.0,1749679.0,0.0
1754729.0,1749939.0,0.0
1754799.0,1749059.0,0.0
1754949.0,1746169.0,0.0
1754969.0,1754949.0,0.0
1755279.0,1750659.0,0.0
1755309.0,1755279.0,0.0
1755349.0,1749319.0,0.0
1755639.0,1752479.0,0.0
1755769.0,1755279.0,0.0
1755959.0,1755769.0,1.0
1756009.0,1753279.0,0.0
1756109.0,1755959.0,0.0
1756289.0,1756109.0,0.0
1756379.0,1747599.0,0.0
1756389.0,1756379.0,0.0
1756699.0,1755309.0,0.0
1757309.0,1756289.0,0.0
1757379.0,1757309.0,0.0
1757679.0,1756109.0,0.0
1757839.0,1750689.0,0.0
1757869.0,1757839.0,0.0
1758269.0,1757839.0,0.0
1758919.0,1749679.0,0.0
1760209.0,1758919.0,0.0
1760219.0,1758919.0,0.0
1761259.0,1758919.0,0.0
1762179.0,1754539.0,1.0
1762189.0,1762179.0,1.0
1762199.0,1762179.0,0.0
1762459.0,1762179.0,1.0
1762469.0,1762179.0,0.0
1763109.0,1762179.0,1.0
1763179.0,1763109.0,0.0
1763199.0,1763179.0,0.0
1763269.0,1763109.0,1.0
1763399.0,1763109.0,1.0
1764459.0,1763109.0,1.0
1764499.0,1764459.0,0.0
1764559.0,1763109.0,0.0
1765199.0,1763109.0,1.0
1765229.0,1765199.0,1.0
1765379.0,1763109.0,0.0
1766689.0,1763199.0,0.0
1767089.0,1765229.0,0.0
1767209.0,1766689.0,0.0
1767669.0,1767209.0,0.0
1767689.0,1767669.0,0.0
1767929.0,1763109.0,0.0
1770099.0,1763109.0,1.0
1770159.0,1770099.0,0.0
1770459.0,1756389.0,0.0
1770619.0,1770099.0,0.0
1772089.0,1767689.0,0.0
1772259.0,1767929.0,1.0
1772429.0,1772259.0,0.0
1772749.0,1770619.0,0.0
1773269.0,1772259.0,0.0
1773429.0,1762179.0,0.0
1773629.0,1762179.0,0.0
1774479.0,1752359.0,0.0
1774979.0,1773629.0,0.0
1775399.0,1774979.0,0.0
1775419.0,1775399.0,1.0
1775639.0,1774979.0,0.0
1775659.0,1775639.0,1.0
1775669.0,1775639.0,0.0
1775929.0,1775419.0,0.0
1776139.0,1763109.0,0.0
1776799.0,1775419.0,0.0
1777849.0,1751479.0,0.0
1777979.0,1777849.0,1.0
1778159.0,1777979.0,0.0
1778309.0,1775639.0,0.0
1778399.0,1777979.0,1.0
1778729.0,1777979.0,1.0
1778739.0,1778729.0,1.0
1778779.0,1778739.0,0.0
1779179.0,1777979.0,0.0
1779199.0,1779179.0,0.0
1779419.0,1777979.0,0.0
1780979.0,1777979.0,0.0
1781779.0,1777979.0,0.0
1782309.0,1777979.0,0.0
1783339.0,1775419.0,0.0
1783549.0,1775419.0,0.0
1784469.0,1777979.0,0.0
1784859.0,1784469.0,0.0
1785359.0,1780979.0,0.0
1785509.0,1785359.0,0.0
1786319.0,1773429.0,0.0
1786609.0,1786319.0,0.0
1786919.0,1763109.0,0.0
1787149.0,1775419.0,0.0
1788529.0,1777979.0,0.0
1789469.0,1763109.0,0.0
1789479.0,1789469.0,0.0
1789549.0,1789479.0,0.0
1789689.0,1777979.0,1.0
1789699.0,1789689.0,0.0
1789789.0,1789689.0,0.0
1789869.0,1789689.0,0.0
1789909.0,1789869.0,0.0
1789919.0,1789909.0,0.0
1789949.0,1789909.0,1.0
1789969.0,1789919.0,0.0
1789979.0,1778309.0,0.0
1790009.0,1789969.0,0.0
1790019.0,1788529.0,1.0
1790059.0,1790019.0,1.0
1790069.0,1790059.0,0.0
1790169.0,1788529.0,0.0
1790179.0,1789869.0,1.0
1790189.0,1790179.0,0.0
1790459.0,1790019.0,1.0
1790469.0,1790459.0,1.0
1790479.0,1790459.0,1.0
1790499.0,1790469.0,0.0
1790639.0,1789979.0,0.0
1790659.0,1790639.0,0.0
1790699.0,1790659.0,0.0
1790859.0,1789949.0,0.0
1790909.0,1786919.0,0.0
1790969.0,1777979.0,1.0
1791079.0,1790859.0,0.0
1791379.0,1790639.0,0.0
1791409.0,1789869.0,0.0
1791429.0,1791409.0,0.0
1791579.0,1791409.0,0.0
1791659.0,1790169.0,0.0
1791709.0,1791579.0,0.0
1791719.0,1791379.0,1.0
1791739.0,1791709.0,0.0
1791899.0,1791739.0,1.0
1792149.0,1791739.0,0.0
1792209.0,1767209.0,0.0
1792329.0,1777979.0,0.0
1792379.0,1790639.0,0.0
1792459.0,1790019.0,0.0
1792739.0,1777979.0,0.0
1792819.0,1790469.0,0.0
1793109.0,1789949.0,0.0
1793189.0,1790179.0,0.0
1793249.0,1791899.0,1.0
1793259.0,1793249.0,1.0
1793269.0,1793259.0,1.0
1793279.0,1793249.0,1.0
1793289.0,1793269.0,1.0
1793329.0,1793249.0,0.0
1793389.0,1793249.0,1.0
1793409.0,1793259.0,1.0
1793419.0,1793409.0,1.0
1793429.0,1793409.0,1.0
1793519.0,1793429.0,1.0
1793549.0,1793429.0,1.0
1793569.0,1793519.0,1.0
1793579.0,1793429.0,1.0
1793589.0,1793579.0,1.0
1793609.0,1793579.0,1.0
1793619.0,1793549.0,0.0
1793629.0,1793549.0,1.0
1793749.0,1793429.0,0.0
1793879.0,1791579.0,1.0
1793909.0,1793879.0,0.0
1793919.0,1793909.0,0.0
1794359.0,1789689.0,0.0
1794469.0,1791719.0,1.0
1794659.0,1791079.0,1.0
1794699.0,1793519.0,0.0
1794999.0,1787149.0,0.0
1795039.0,1793249.0,1.0
1795369.0,1787149.0,0.0
1795429.0,1793249.0,1.0
1795439.0,1795429.0,0.0
1795559.0,1788529.0,0.0
1795909.0,1793249.0,0.0
1795939.0,1793909.0,0.0
1796049.0,1795909.0,0.0
1796069.0,1795439.0,0.0
1796109.0,1794659.0,0.0
1796149.0,1796109.0,0.0
1796179.0,1792459.0,0.0
1796379.0,1796149.0,0.0
1796419.0,1793249.0,0.0
1796499.0,1796379.0,1.0
1796569.0,1794659.0,0.0
1796619.0,1792459.0,1.0
1796629.0,1796619.0,1.0
1796659.0,1789949.0,1.0
1796669.0,1796659.0,0.0
1796799.0,1796069.0,1.0
1796869.0,1796569.0,0.0
1797009.0,1793249.0,0.0
1797239.0,1796149.0,0.0
1797309.0,1796049.0,0.0
1797439.0,1790909.0,1.0
1797459.0,1797439.0,1.0
1797519.0,1796569.0,0.0
1797589.0,1797309.0,0.0
1797639.0,1797239.0,0.0
1797729.0,1796049.0,0.0
1797859.0,1796179.0,0.0
1798009.0,1796799.0,0.0
1798219.0,1793629.0,0.0
1798819.0,1793249.0,0.0
1799029.0,1798009.0,1.0
1799159.0,1796669.0,0.0
1799179.0,1799159.0,0.0
1799269.0,1798219.0,0.0
1799409.0,1797309.0,0.0
1799469.0,1798009.0,0.0
1799829.0,1799179.0,0.0
1800169.0,1793109.0,0.0
1800279.0,1799829.0,0.0
1800809.0,1800279.0,0.0
1800879.0,1797639.0,1.0
1801019.0,1800879.0,0.0
1801199.0,1796179.0,0.0
1801279.0,1801199.0,1.0
1801349.0,1798219.0,1.0
1801369.0,1801349.0,0.0
1802649.0,1796799.0,0.0
1803269.0,1791579.0,0.0
1803509.0,1802649.0,0.0
1803719.0,1796799.0,0.0
1803949.0,1801279.0,1.0
1803969.0,1803949.0,0.0
1804049.0,1803949.0,0.0
1804099.0,1803949.0,0.0
1804299.0,1802649.0,0.0
1804339.0,1804299.0,0.0
1804489.0,1804339.0,0.0
1804529.0,1804049.0,0.0
1804549.0,1803949.0,0.0
1804679.0,1804549.0,0.0
1804709.0,1804339.0,0.0
1804719.0,1804709.0,0.0
1804819.0,1794469.0,0.0
1804889.0,1804709.0,0.0
1804949.0,1796179.0,0.0
1805099.0,1799829.0,0.0
1805269.0,1804949.0,0.0
1805619.0,1804049.0,0.0
1805639.0,1801349.0,0.0
1805699.0,1805639.0,0.0
1805759.0,1804339.0,0.0
1805929.0,1803949.0,0.0
1805979.0,1796869.0,0.0
1805999.0,1805929.0,1.0
1806009.0,1805999.0,1.0
1806029.0,1805999.0,1.0
1806039.0,1805979.0,0.0
1806059.0,1806029.0,1.0
1806069.0,1806059.0,1.0
1806079.0,1806059.0,1.0
1806109.0,1806029.0,1.0
1806129.0,1805999.0,1.0
1806139.0,1806029.0,1.0
1806189.0,1806129.0,1.0
1806209.0,1806009.0,0.0
1806319.0,1805639.0,0.0
1806329.0,1805979.0,0.0
1806369.0,1806029.0,1.0
1806669.0,1805639.0,0.0
1806769.0,1796049.0,0.0
1806869.0,1806029.0,1.0
1806889.0,1806869.0,0.0
1806919.0,1806889.0,0.0
1806939.0,1806919.0,0.0
1807049.0,1806869.0,0.0
1807099.0,1806919.0,0.0
1807129.0,1807099.0,0.0
1807549.0,1799179.0,0.0
1807729.0,1806939.0,1.0
1807739.0,1806669.0,1.0
1807749.0,1807729.0,0.0
1807849.0,1807749.0,0.0
1807979.0,1806059.0,1.0
1808259.0,1807549.0,0.0
1808379.0,1797859.0,0.0
1808409.0,1808259.0,1.0
1808559.0,1808259.0,1.0
1808589.0,1806919.0,0.0
1808629.0,1808589.0,0.0
1808649.0,1808589.0,0.0
1808919.0,1803719.0,1.0
1809029.0,1805979.0,0.0
1809039.0,1807739.0,0.0
1809109.0,1807129.0,0.0
1809269.0,1803269.0,0.0
1809279.0,1809269.0,0.0
1809409.0,1808379.0,0.0
1809439.0,1809409.0,0.0
1809449.0,1809439.0,0.0
1809459.0,1809439.0,0.0
1809479.0,1809459.0,0.0
1809649.0,1808379.0,0.0
1809679.0,1807129.0,0.0
1809689.0,1809679.0,0.0
1809699.0,1809689.0,1.0
1809759.0,1805979.0,0.0
1809779.0,1809279.0,0.0
1809819.0,1809269.0,0.0
1809929.0,1809479.0,0.0
1809989.0,1809779.0,0.0
1810029.0,1806039.0,0.0
1810129.0,1810029.0,0.0
1810159.0,1809989.0,0.0
1810189.0,1809649.0,1.0
1810199.0,1810159.0,0.0
1810279.0,1810129.0,0.0
1810299.0,1810279.0,0.0
1810329.0,1806889.0,0.0
1810539.0,1810329.0,0.0
1810589.0,1809109.0,0.0
1810649.0,1809269.0,1.0
1810789.0,1810649.0,0.0
1810979.0,1809439.0,0.0
1810989.0,1810979.0,0.0
1811009.0,1805619.0,0.0
1811109.0,1810979.0,1.0
1811119.0,1810979.0,0.0
1811139.0,1810539.0,1.0
1811199.0,1811119.0,0.0
1811289.0,1810299.0,0.0
1811429.0,1811109.0,0.0
1811439.0,1811109.0,1.0
1811449.0,1809029.0,0.0
1811459.0,1811429.0,0.0
1811469.0,1811459.0,1.0
1811479.0,1811469.0,1.0
1811539.0,1810649.0,0.0
1811669.0,1811539.0,0.0
1811679.0,1811669.0,1.0
1811689.0,1811679.0,0.0
1811729.0,1810159.0,0.0
1811749.0,1811469.0,0.0
1811769.0,1808379.0,1.0
1811809.0,1811469.0,1.0
1811849.0,1805979.0,0.0
1811879.0,1810989.0,0.0
1811889.0,1811879.0,0.0
1811919.0,1809279.0,0.0
1812059.0,1811469.0,0.0
1812099.0,1806039.0,0.0
1812119.0,1811469.0,0.0
1812159.0,1807739.0,0.0
1812189.0,1807979.0,0.0
1812199.0,1809109.0,0.0
1812259.0,1811879.0,0.0
1812279.0,1810159.0,0.0
1812329.0,1808259.0,0.0
1812389.0,1811749.0,1.0
1812439.0,1809779.0,0.0
1812519.0,1812099.0,0.0
1812549.0,1811469.0,0.0
1812619.0,1812549.0,0.0
1812629.0,1812619.0,1.0
1812639.0,1812439.0,0.0
1812649.0,1812639.0,1.0
1812659.0,1812649.0,1.0
1812679.0,1812659.0,0.0
1812699.0,1812629.0,0.0
1812709.0,1812519.0,1.0
1812809.0,1811449.0,1.0
1812849.0,1812809.0,0.0
1812859.0,1810649.0,1.0
1812869.0,1812859.0,1.0
1813039.0,1812809.0,0.0
1813179.0,1812699.0,0.0
1813199.0,1811009.0,0.0
1813259.0,1811769.0,0.0
1813429.0,1811289.0,0.0
1813549.0,1811919.0,0.0
1813609.0,1813179.0,0.0
1813629.0,1811669.0,0.0
1813789.0,1813549.0,1.0
1813799.0,1813789.0,1.0
1813819.0,1813799.0,0.0
1813829.0,1813799.0,0.0
1813959.0,1810299.0,0.0
1813989.0,1813959.0,1.0
1814109.0,1813549.0,0.0
1814129.0,1813259.0,0.0
1814199.0,1813959.0,0.0
1814209.0,1810589.0,0.0
1814219.0,1814209.0,0.0
1814299.0,1813199.0,0.0
1814309.0,1812519.0,0.0
1814389.0,1812329.0,1.0
1814569.0,1814309.0,0.0
1814609.0,1813429.0,0.0
1814699.0,1814209.0,0.0
1814749.0,1814609.0,0.0
1814759.0,1814299.0,0.0
1814809.0,1812629.0,1.0
1814989.0,1813549.0,1.0
1815119.0,1814569.0,0.0
1815189.0,1812649.0,0.0
1815299.0,1813959.0,0.0
1815329.0,1814749.0,0.0
1815469.0,1814749.0,0.0
1815479.0,1809819.0,0.0
1815509.0,1813989.0,1.0
1815549.0,1815509.0,0.0
1815649.0,1812619.0,0.0
1815659.0,1814109.0,0.0
1815879.0,1815649.0,1.0
1815889.0,1812809.0,1.0
1815899.0,1813799.0,0.0
1815979.0,1815899.0,0.0
1816049.0,1815889.0,0.0
1816129.0,1812199.0,0.0
1816189.0,1816129.0,0.0
1816219.0,1815659.0,0.0
1816269.0,1816129.0,1.0
1816379.0,1815879.0,1.0
1816419.0,1814569.0,1.0
1816429.0,1815509.0,0.0
1816479.0,1816429.0,0.0
1816529.0,1816379.0,0.0
1816629.0,1816529.0,1.0
1816639.0,1816629.0,0.0
1816919.0,1811769.0,0.0
1816969.0,1816189.0,0.0
1816989.0,1816969.0,0.0
1817019.0,1816919.0,0.0
1817159.0,1815649.0,0.0
1817249.0,1816529.0,0.0
1817349.0,1816189.0,1.0
1817359.0,1815509.0,0.0
1817519.0,1812649.0,0.0
1817569.0,1816419.0,1.0
1817599.0,1817569.0,1.0
1817689.0,1817019.0,0.0
1817709.0,1814209.0,0.0
1817839.0,1816219.0,0.0
1817929.0,1814299.0,0.0
1818019.0,1816989.0,0.0
1818049.0,1816919.0,1.0
1818069.0,1817249.0,0.0
1818099.0,1817599.0,0.0
1818109.0,1815649.0,1.0
1818419.0,1817599.0,1.0
1818449.0,1814309.0,0.0
1818509.0,1816919.0,0.0
1818529.0,1812679.0,0.0
1818569.0,1818529.0,0.0
1818609.0,1818569.0,0.0
1818639.0,1818509.0,0.0
1818739.0,1815659.0,0.0
1818909.0,1818049.0,0.0
1818919.0,1818909.0,1.0
1818949.0,1818099.0,0.0
1818989.0,1817159.0,0.0
1819009.0,1815509.0,0.0
1819019.0,1814749.0,0.0
1819039.0,1818569.0,0.0
1819049.0,1819039.0,0.0
1819119.0,1818639.0,1.0
1819209.0,1814309.0,0.0
1819329.0,1818909.0,0.0
1819349.0,1819329.0,1.0
1819399.0,1819209.0,0.0
1819409.0,1818019.0,0.0
1819459.0,1819329.0,0.0
1819509.0,1819459.0,0.0
1819539.0,1819509.0,1.0
1819619.0,1819399.0,0.0
1819629.0,1819539.0,1.0
1819789.0,1814209.0,0.0
1819839.0,1818509.0,0.0
1820139.0,1815509.0,1.0
1820179.0,1820139.0,1.0
1820219.0,1820139.0,1.0
1820279.0,1820179.0,1.0
1820389.0,1818099.0,0.0
1820469.0,1819509.0,0.0
1820599.0,1820389.0,1.0
1820609.0,1820389.0,1.0
1820869.0,1817569.0,0.0
1820919.0,1818109.0,0.0
1821209.0,1816129.0,0.0
1821269.0,1815509.0,0.0
1821309.0,1821269.0,0.0
1821569.0,1821309.0,1.0
1821589.0,1821569.0,1.0
1821599.0,1821589.0,1.0
1821609.0,1821589.0,1.0
1821619.0,1821609.0,1.0
1821639.0,1821609.0,1.0
1821649.0,1821609.0,1.0
1821659.0,1821609.0,0.0
1821719.0,1821609.0,0.0
1821759.0,1818049.0,0.0
1821789.0,1821609.0,0.0
1821949.0,1821609.0,1.0
1821959.0,1821949.0,0.0
1821979.0,1821609.0,0.0
1822009.0,1820919.0,0.0
1822249.0,1821609.0,0.0
1822429.0,1818569.0,1.0
1822479.0,1820869.0,0.0
1822539.0,1821609.0,0.0
1822609.0,1822429.0,0.0
1822619.0,1822609.0,0.0
1822649.0,1822479.0,0.0
1822689.0,1821609.0,0.0
1822809.0,1822619.0,1.0
1822959.0,1818099.0,1.0
1822969.0,1822959.0,0.0
1823039.0,1821209.0,0.0
1823089.0,1821609.0,0.0
1823119.0,1820919.0,1.0
1823149.0,1819209.0,1.0
1823139.0,1819209.0,0.0
1823349.0,1818639.0,1.0
1823369.0,1823349.0,1.0
1823419.0,1821209.0,1.0
1823439.0,1823419.0,0.0
1823449.0,1822689.0,0.0
1823509.0,1823349.0,0.0
1823569.0,1823419.0,0.0
1823589.0,1823569.0,0.0
1823669.0,1823369.0,1.0
1823729.0,1823039.0,0.0
1823739.0,1823729.0,0.0
1823769.0,1823729.0,1.0
1823829.0,1823349.0,0.0
1824279.0,1823509.0,0.0
1824449.0,1824279.0,1.0
1824499.0,1822969.0,1.0
1824509.0,1824499.0,1.0
1824529.0,1821269.0,0.0
1824539.0,1824529.0,1.0
1824549.0,1824539.0,0.0
1824699.0,1824539.0,0.0
1824779.0,1822429.0,1.0
1824799.0,1824779.0,0.0
1825239.0,1821609.0,1.0
1825249.0,1825239.0,0.0
1825259.0,1821979.0,0.0
1825349.0,1823769.0,1.0
1825369.0,1825349.0,0.0
1825389.0,1825259.0,1.0
1825409.0,1825369.0,0.0
1825439.0,1821609.0,0.0
1825769.0,1825259.0,0.0
1825829.0,1821609.0,0.0
1825919.0,1823729.0,0.0
1825929.0,1825919.0,0.0
1825949.0,1819789.0,0.0
1825959.0,1825949.0,0.0
1826039.0,1825389.0,0.0
1826129.0,1821609.0,0.0
1826169.0,1825929.0,0.0
1826179.0,1826169.0,0.0
1826209.0,1826039.0,0.0
1826239.0,1824499.0,0.0
1826259.0,1826209.0,0.0
1826389.0,1826259.0,0.0
1826409.0,1823589.0,1.0
1826699.0,1820389.0,0.0
1826879.0,1824529.0,0.0
1826899.0,1826879.0,0.0
1827249.0,1821719.0,0.0
1827349.0,1823769.0,0.0
1827689.0,1827249.0,0.0
1827759.0,1821609.0,0.0
1828029.0,1827349.0,1.0
1828239.0,1822009.0,0.0
1828589.0,1826209.0,0.0
1828609.0,1828589.0,0.0
1828679.0,1826879.0,0.0
1828739.0,1826409.0,0.0
1828839.0,1828739.0,0.0
1829029.0,1824529.0,0.0
1829049.0,1821719.0,0.0
1829209.0,1828739.0,0.0
1829219.0,1828609.0,0.0
1829319.0,1829209.0,0.0
1829399.0,1829319.0,0.0
1829569.0,1829209.0,0.0
1829769.0,1824279.0,0.0
1829809.0,1829319.0,0.0
1829819.0,1829809.0,1.0
1830069.0,1828239.0,0.0
1830359.0,1821609.0,0.0
1830519.0,1821609.0,0.0
1830599.0,1823139.0,0.0
1830689.0,1830069.0,0.0
1830739.0,1830689.0,0.0
1831009.0,1830739.0,0.0
1831049.0,1826169.0,0.0
1831349.0,1823349.0,0.0
1831359.0,1831349.0,1.0
1831479.0,1831359.0,0.0
1831649.0,1826039.0,0.0
1831809.0,1825349.0,1.0
1831849.0,1826699.0,1.0
1831859.0,1831849.0,0.0
1831899.0,1831809.0,1.0
1831919.0,1831809.0,0.0
1832029.0,1825389.0,0.0
1832089.0,1830359.0,0.0
1832219.0,1831349.0,1.0
1832229.0,1832219.0,1.0
1832239.0,1832219.0,1.0
1832269.0,1832229.0,0.0
1832289.0,1832219.0,1.0
1832319.0,1832219.0,0.0
1832379.0,1831849.0,1.0
1832749.0,1832219.0,1.0
1832759.0,1832749.0,1.0
1832879.0,1831849.0,0.0
1833079.0,1830519.0,0.0
1833119.0,1832219.0,0.0
1833159.0,1833079.0,0.0
1833439.0,1832219.0,1.0
1833909.0,1833159.0,1.0
1834039.0,1833909.0,1.0
1834089.0,1830599.0,1.0
1834099.0,1834089.0,1.0
1834159.0,1834089.0,1.0
1834169.0,1834089.0,1.0
1834199.0,1834089.0,1.0
1834209.0,1834089.0,0.0
1834359.0,1834089.0,1.0
1834429.0,1832219.0,1.0
1834459.0,1834089.0,1.0
1834479.0,1834429.0,0.0
1834499.0,1832219.0,0.0
1834579.0,1834089.0,1.0
1834609.0,1834089.0,1.0
1834829.0,1834609.0,1.0
1834839.0,1834829.0,1.0
1834999.0,1834089.0,0.0
1835069.0,1834089.0,1.0
1835119.0,1835069.0,0.0
1835149.0,1834089.0,1.0
1835199.0,1835119.0,1.0
1835229.0,1834089.0,0.0
1835329.0,1834089.0,0.0
1835349.0,1834089.0,0.0
1835509.0,1834089.0,1.0
1835529.0,1829209.0,1.0
1835609.0,1834089.0,1.0
1835619.0,1834089.0,0.0
1835709.0,1834089.0,1.0
1835719.0,1834089.0,1.0
1835729.0,1835709.0,0.0
1835789.0,1834089.0,0.0
1835819.0,1834089.0,0.0
1835879.0,1834089.0,0.0
1836139.0,1834089.0,1.0
1836209.0,1834429.0,1.0
1836219.0,1836209.0,1.0
1836269.0,1836209.0,1.0
1836279.0,1834089.0,0.0
1836299.0,1834089.0,0.0
1836309.0,1834089.0,1.0
1836339.0,1836209.0,1.0
1836349.0,1833119.0,0.0
1836359.0,1834089.0,1.0
1836369.0,1831849.0,1.0
1836469.0,1834089.0,0.0
1836629.0,1834089.0,1.0
1836639.0,1836629.0,0.0
1836689.0,1834089.0,0.0
1836759.0,1834089.0,0.0
1836789.0,1836209.0,0.0
1836819.0,1832219.0,0.0
1836899.0,1834089.0,0.0
1836939.0,1834089.0,0.0
1836949.0,1834089.0,1.0
1836989.0,1834089.0,0.0
1837069.0,1836359.0,0.0
1837079.0,1836359.0,0.0
1837089.0,1836359.0,0.0
1837139.0,1836309.0,0.0
1837179.0,1834089.0,0.0
1837569.0,1834089.0,0.0
1837599.0,1837569.0,0.0
1837699.0,1834089.0,0.0
1837759.0,1834089.0,0.0
1837829.0,1834089.0,0.0
1837979.0,1834089.0,0.0
1837989.0,1832219.0,1.0
1837999.0,1837989.0,1.0
1838069.0,1837989.0,1.0
1838099.0,1838069.0,1.0
1838179.0,1834089.0,1.0
1838189.0,1834089.0,0.0
1838249.0,1834579.0,0.0
1838299.0,1834089.0,0.0
1838309.0,1834089.0,0.0
1838389.0,1834089.0,0.0
1838419.0,1834089.0,0.0
1838449.0,1834089.0,0.0
1838589.0,1834089.0,0.0
1838599.0,1834089.0,0.0
1838749.0,1834089.0,0.0
1838769.0,1834089.0,0.0
1838829.0,1834089.0,0.0
1838899.0,1834089.0,0.0
1839299.0,1834089.0,0.0
1839349.0,1834089.0,1.0
1839369.0,1839349.0,0.0
1839799.0,1834089.0,0.0
1839819.0,1837989.0,0.0
1839879.0,1834089.0,0.0
1840039.0,1834089.0,0.0
1840089.0,1834089.0,0.0
1840099.0,1840089.0,0.0
1840119.0,1834089.0,1.0
1840149.0,1840119.0,0.0
1840239.0,1834089.0,0.0
1840369.0,1834089.0,0.0
1840399.0,1836309.0,1.0
1840459.0,1834089.0,0.0
1840469.0,1834089.0,1.0
1840689.0,1834089.0,0.0
1840719.0,1836309.0,0.0
1840849.0,1838249.0,0.0
1840969.0,1835789.0,1.0
1840999.0,1840459.0,0.0
1841179.0,1840999.0,0.0
1841189.0,1839369.0,0.0
1841279.0,1841189.0,0.0
1841459.0,1841279.0,0.0
1841589.0,1840969.0,0.0
1841609.0,1836309.0,0.0
1841849.0,1836209.0,1.0
1841859.0,1841849.0,0.0
1841939.0,1837699.0,0.0
1841979.0,1841459.0,1.0
1841989.0,1841979.0,1.0
1842009.0,1841989.0,0.0
1842179.0,1841989.0,0.0
1842289.0,1840369.0,0.0
1842519.0,1837089.0,0.0
1842719.0,1842519.0,0.0
1842739.0,1842719.0,0.0
1842889.0,1838389.0,0.0
1843029.0,1837989.0,0.0
1843049.0,1843029.0,0.0
1843069.0,1842519.0,0.0
1843279.0,1841609.0,1.0
1843289.0,1843279.0,1.0
1843319.0,1843289.0,1.0
1843349.0,1843319.0,0.0
1843449.0,1840239.0,0.0
1843529.0,1835819.0,0.0
1843629.0,1843529.0,0.0
1843649.0,1843049.0,0.0
1843859.0,1842519.0,0.0
1843889.0,1843859.0,0.0
1843919.0,1843859.0,0.0
1843939.0,1843919.0,0.0
1844379.0,1843889.0,0.0
1844429.0,1841989.0,0.0
1844449.0,1844429.0,1.0
1844529.0,1844449.0,0.0
1844719.0,1844429.0,0.0
1844869.0,1837989.0,0.0
1844959.0,1842889.0,0.0
1844999.0,1837989.0,0.0
1845069.0,1844449.0,0.0
1845189.0,1837829.0,0.0
1845329.0,1840849.0,0.0
1845359.0,1836819.0,1.0
1845489.0,1845329.0,1.0
1845509.0,1845489.0,1.0
1845519.0,1845509.0,1.0
1845529.0,1845509.0,0.0
1845549.0,1845509.0,1.0
1845569.0,1845509.0,1.0
1845579.0,1845569.0,1.0
1845629.0,1845569.0,0.0
1845689.0,1838309.0,0.0
1845809.0,1838189.0,1.0
1845889.0,1845569.0,1.0
1845919.0,1845489.0,1.0
1845929.0,1845919.0,1.0
1845939.0,1845929.0,0.0
1846019.0,1845929.0,0.0
1846259.0,1838389.0,0.0
1846269.0,1837989.0,0.0
1846309.0,1845569.0,1.0
1846339.0,1845809.0,1.0
1846349.0,1845939.0,0.0
1846389.0,1846349.0,1.0
1846459.0,1846339.0,1.0
1846479.0,1846349.0,1.0
1846529.0,1846479.0,1.0
1846549.0,1846529.0,0.0
1846559.0,1846549.0,0.0
1846579.0,1846559.0,1.0
1846599.0,1845569.0,0.0
1846619.0,1846599.0,0.0
1846659.0,1846579.0,0.0
1846709.0,1846549.0,0.0
1846839.0,1846269.0,0.0
1846849.0,1845689.0,1.0
1846859.0,1846849.0,0.0
1846949.0,1841849.0,0.0
1847029.0,1846849.0,1.0
1847049.0,1847029.0,0.0
1847199.0,1847029.0,0.0
1847229.0,1847029.0,0.0
1847299.0,1847029.0,1.0
1847319.0,1847299.0,1.0
1847379.0,1847029.0,1.0
1847459.0,1847029.0,0.0
1847659.0,1847029.0,1.0
1847669.0,1847029.0,0.0
1847779.0,1847029.0,1.0
1847889.0,1845809.0,1.0
1847919.0,1847029.0,0.0
1847939.0,1847319.0,1.0
1847969.0,1847029.0,0.0
1848419.0,1847029.0,0.0
1848459.0,1847029.0,1.0
1848519.0,1847969.0,0.0
1848529.0,1847029.0,1.0
1848549.0,1846349.0,0.0
1848629.0,1847319.0,1.0
1848689.0,1847029.0,1.0
1848699.0,1848689.0,1.0
1848849.0,1847029.0,0.0
1848879.0,1847029.0,0.0
1848899.0,1847029.0,0.0
1848929.0,1847029.0,0.0
1848959.0,1847029.0,0.0
1849019.0,1847029.0,0.0
1849059.0,1849019.0,1.0
1849139.0,1848879.0,0.0
1849159.0,1847029.0,1.0
1849179.0,1847029.0,0.0
1849379.0,1846259.0,1.0
1849399.0,1847029.0,1.0
1849459.0,1849379.0,0.0
1849569.0,1847029.0,1.0
1849689.0,1849159.0,0.0
1849829.0,1847029.0,0.0
1849899.0,1847029.0,0.0
1849999.0,1846459.0,0.0
1850259.0,1847029.0,1.0
1850279.0,1850259.0,1.0
1850439.0,1850279.0,0.0
1850459.0,1847029.0,0.0
1850529.0,1847029.0,0.0
1850579.0,1847029.0,1.0
1850589.0,1850579.0,0.0
1850609.0,1847029.0,0.0
1850679.0,1848899.0,1.0
1850709.0,1847029.0,0.0
1850769.0,1847029.0,1.0
1850809.0,1850439.0,0.0
1850889.0,1847029.0,0.0
1850949.0,1847029.0,1.0
1850979.0,1850949.0,0.0
1851119.0,1847029.0,0.0
1851139.0,1851119.0,0.0
1851289.0,1847029.0,0.0
1851379.0,1847029.0,1.0
1851419.0,1847029.0,1.0
1851439.0,1845569.0,0.0
1851459.0,1847029.0,0.0
1851569.0,1847889.0,0.0
1851749.0,1847029.0,1.0
1852149.0,1846339.0,0.0
1852239.0,1847029.0,0.0
1852259.0,1847029.0,1.0
1852349.0,1852149.0,0.0
1852509.0,1847029.0,0.0
1852529.0,1847029.0,0.0
1852619.0,1847029.0,0.0
1852659.0,1852349.0,0.0
1852729.0,1847029.0,0.0
1852779.0,1848459.0,1.0
1852799.0,1852779.0,0.0
1852859.0,1847029.0,0.0
1852879.0,1847029.0,0.0
1852999.0,1851749.0,1.0
1853009.0,1852659.0,0.0
1853119.0,1847029.0,0.0
1853149.0,1847029.0,0.0
1853189.0,1850589.0,0.0
1853199.0,1847029.0,0.0
1853209.0,1850949.0,1.0
1853219.0,1853209.0,0.0
1853319.0,1847029.0,0.0
1853339.0,1847029.0,0.0
1853609.0,1847029.0,0.0
1853659.0,1852259.0,0.0
1853779.0,1847029.0,0.0
1853799.0,1847029.0,0.0
1853889.0,1847029.0,0.0
1853919.0,1847029.0,0.0
1853929.0,1853919.0,1.0
1853939.0,1853919.0,1.0
1854009.0,1847029.0,1.0
1854019.0,1853939.0,1.0
1854069.0,1851569.0,0.0
1854129.0,1847029.0,1.0
1854169.0,1853939.0,0.0
1854229.0,1854169.0,1.0
1854289.0,1854129.0,0.0
1854369.0,1853939.0,0.0
1854389.0,1854369.0,0.0
1854449.0,1854369.0,0.0
1854629.0,1848419.0,1.0
1854639.0,1854629.0,0.0
1854739.0,1852999.0,0.0
1854759.0,1854739.0,1.0
1854769.0,1851569.0,0.0
1854789.0,1854639.0,0.0
1854899.0,1854369.0,0.0
1854909.0,1849159.0,0.0
1855049.0,1854369.0,0.0
1855149.0,1848899.0,0.0
1855329.0,1854369.0,0.0
1855359.0,1854369.0,1.0
1855369.0,1855359.0,0.0
1855429.0,1851139.0,0.0
1855479.0,1854369.0,0.0
1855679.0,1854369.0,0.0
1855759.0,1854069.0,0.0
1855899.0,1854369.0,0.0
1855929.0,1854369.0,0.0
1856029.0,1854629.0,0.0
1856039.0,1855049.0,0.0
1856079.0,1856039.0,0.0
1856089.0,1851749.0,0.0
1856169.0,1852879.0,0.0
1856319.0,1856169.0,0.0
1856369.0,1851439.0,0.0
1856489.0,1853889.0,0.0
1856649.0,1856369.0,0.0
1856749.0,1856649.0,0.0
1856849.0,1850579.0,1.0
1856859.0,1856649.0,1.0
1856939.0,1856859.0,1.0
1856969.0,1856859.0,1.0
1856979.0,1856859.0,1.0
1856989.0,1856979.0,1.0
1857129.0,1856979.0,0.0
1857139.0,1857129.0,0.0
1857169.0,1856979.0,1.0
1857199.0,1856969.0,0.0
1857279.0,1857169.0,1.0
1857299.0,1857169.0,1.0
1857359.0,1857199.0,0.0
1857369.0,1857359.0,0.0
1857439.0,1857169.0,0.0
1857649.0,1857139.0,0.0
1857689.0,1854369.0,0.0
1857719.0,1856859.0,0.0
1857739.0,1854629.0,0.0
1857749.0,1857719.0,0.0
1857759.0,1854369.0,0.0
1857869.0,1857739.0,1.0
1857889.0,1852149.0,0.0
1857959.0,1857869.0,0.0
1858079.0,1856849.0,0.0
1858129.0,1858079.0,0.0
1858139.0,1857169.0,1.0
1858199.0,1858139.0,0.0
1858269.0,1856859.0,0.0
1858519.0,1854369.0,0.0
1858719.0,1858519.0,0.0
1858749.0,1858719.0,0.0
1858779.0,1858139.0,1.0
1858859.0,1858519.0,0.0
1858869.0,1858859.0,0.0
1858999.0,1853799.0,1.0
1859009.0,1858999.0,0.0
1859129.0,1858519.0,0.0
1859399.0,1854369.0,1.0
1859459.0,1859399.0,1.0
1859559.0,1859399.0,0.0
1859579.0,1852859.0,0.0
1859589.0,1856489.0,0.0
1859719.0,1858139.0,0.0
1859789.0,1854909.0,0.0
1859799.0,1854369.0,0.0
1859849.0,1859399.0,0.0
1859939.0,1858749.0,0.0
1860019.0,1858079.0,1.0
1860039.0,1858519.0,0.0
1860389.0,1856849.0,0.0
1860459.0,1858859.0,1.0
1860509.0,1860019.0,0.0
1860519.0,1853939.0,1.0
1860529.0,1860519.0,0.0
1860599.0,1860529.0,0.0
1860649.0,1860529.0,0.0
1860659.0,1860529.0,1.0
1860719.0,1860509.0,0.0
1860909.0,1860529.0,0.0
1860989.0,1859939.0,0.0
1860999.0,1860529.0,0.0
1861289.0,1860599.0,0.0
1861319.0,1854369.0,0.0
1861359.0,1854639.0,0.0
1861439.0,1861359.0,0.0
1861499.0,1861439.0,0.0
1861509.0,1861499.0,0.0
1861519.0,1861319.0,0.0
1861529.0,1861509.0,0.0
1861549.0,1861519.0,1.0
1861569.0,1857889.0,0.0
1861589.0,1861509.0,0.0
1861679.0,1855479.0,0.0
1861699.0,1861569.0,0.0
1861739.0,1861699.0,0.0
1861789.0,1861739.0,0.0
1861839.0,1860529.0,0.0
1861849.0,1859939.0,0.0
1861879.0,1861849.0,0.0
1861949.0,1861879.0,1.0
1861959.0,1861839.0,0.0
1861989.0,1861589.0,0.0
1862229.0,1858519.0,0.0
1862249.0,1862229.0,0.0
1862349.0,1861989.0,0.0
1862359.0,1861569.0,1.0
1862469.0,1861789.0,0.0
1862509.0,1861699.0,1.0
1862549.0,1862509.0,1.0
1862779.0,1862549.0,0.0
1862789.0,1862779.0,0.0
1862799.0,1861839.0,0.0
1862879.0,1861499.0,0.0
1862989.0,1861289.0,1.0
1862999.0,1862989.0,0.0
1863099.0,1862989.0,1.0
1863109.0,1862989.0,0.0
1863149.0,1863109.0,0.0
1863159.0,1863149.0,0.0
1863269.0,1863149.0,0.0
1863279.0,1863149.0,0.0
1863349.0,1861359.0,0.0
1863429.0,1863149.0,0.0
1863549.0,1863349.0,0.0
1863749.0,1863149.0,1.0
1863779.0,1863749.0,0.0
1863829.0,1863149.0,1.0
1863849.0,1863749.0,1.0
1863879.0,1861569.0,0.0
1863989.0,1863149.0,0.0
1864059.0,1861739.0,0.0
1864119.0,1862249.0,1.0
1864129.0,1864119.0,0.0
1864159.0,1863349.0,0.0
1864249.0,1864059.0,1.0
1864279.0,1864249.0,1.0
1864289.0,1864279.0,0.0
1864309.0,1861679.0,0.0
1864319.0,1860909.0,1.0
1864329.0,1864319.0,0.0
1864339.0,1864319.0,0.0
1864359.0,1864309.0,0.0
1864569.0,1864059.0,0.0
1864619.0,1864319.0,0.0
1864649.0,1861589.0,0.0
1864829.0,1859009.0,0.0
1865029.0,1861319.0,0.0
1865049.0,1864829.0,0.0
1865309.0,1860529.0,0.0
1865349.0,1862549.0,0.0
1865539.0,1863849.0,1.0
1865549.0,1865539.0,1.0
1865639.0,1865349.0,0.0
1865709.0,1865309.0,0.0
1865719.0,1865709.0,0.0
1865779.0,1865719.0,0.0
1865809.0,1865709.0,0.0
1865919.0,1865779.0,1.0
1865929.0,1865919.0,0.0
1866019.0,1865779.0,0.0
1866099.0,1865709.0,0.0
1866199.0,1866099.0,0.0
1866279.0,1863149.0,0.0
1866479.0,1864129.0,0.0
1866519.0,1860989.0,0.0
1866569.0,1866519.0,1.0
1866579.0,1866569.0,0.0
1866599.0,1866579.0,0.0
1866629.0,1866579.0,0.0
1866639.0,1866579.0,0.0
1866729.0,1866599.0,0.0
1866749.0,1861589.0,0.0
1866869.0,1866729.0,0.0
1866939.0,1866479.0,1.0
1866949.0,1866939.0,0.0
1866979.0,1865049.0,0.0
1867019.0,1864359.0,1.0
1867029.0,1867019.0,1.0
1867059.0,1865639.0,0.0
1867249.0,1866579.0,0.0
1867279.0,1866479.0,0.0
1867429.0,1864319.0,1.0
1867469.0,1867429.0,0.0
1867539.0,1867429.0,1.0
1867639.0,1867279.0,1.0
1867749.0,1867639.0,1.0
1867789.0,1867639.0,1.0
1867929.0,1867539.0,0.0
1867959.0,1867929.0,0.0
1868019.0,1867639.0,0.0
1868099.0,1866479.0,0.0
1868129.0,1867639.0,0.0
1868139.0,1868129.0,0.0
1868339.0,1868129.0,0.0
1868359.0,1867429.0,0.0
1868489.0,1865349.0,0.0
1868649.0,1866579.0,1.0
1868669.0,1868649.0,0.0
1868759.0,1867929.0,0.0
1868899.0,1868759.0,0.0
1868919.0,1863149.0,0.0
1868949.0,1868919.0,0.0
1868959.0,1868919.0,1.0
1869019.0,1866579.0,0.0
1869129.0,1868949.0,0.0
1869159.0,1865919.0,0.0
1869259.0,1869159.0,0.0
1869309.0,1869259.0,0.0
1869339.0,1869259.0,0.0
1869419.0,1869129.0,0.0
1869439.0,1868019.0,0.0
1869509.0,1869259.0,0.0
1869549.0,1869439.0,0.0
1869559.0,1868649.0,1.0
1869589.0,1869559.0,1.0
1869609.0,1869559.0,0.0
1869709.0,1866569.0,0.0
1869819.0,1869259.0,0.0
1869879.0,1864319.0,0.0
1869939.0,1869549.0,1.0
1869949.0,1869709.0,1.0
1869979.0,1869709.0,0.0
1869999.0,1869259.0,0.0
1870019.0,1867639.0,0.0
1870029.0,1869999.0,0.0
1870039.0,1870029.0,0.0
1870459.0,1869589.0,0.0
1870679.0,1870459.0,0.0
1872399.0,1869999.0,0.0
1872459.0,1870029.0,0.0
1873219.0,1865919.0,0.0
1873229.0,1873219.0,0.0
1873259.0,1867639.0,0.0
1873329.0,1870679.0,0.0
1873339.0,1868099.0,1.0
1873349.0,1873339.0,0.0
1873719.0,1870039.0,0.0
1873739.0,1873339.0,0.0
1873749.0,1873719.0,0.0
1873839.0,1873259.0,0.0
1873869.0,1869559.0,0.0
1873949.0,1868919.0,0.0
1873969.0,1873949.0,0.0
1873999.0,1872399.0,0.0
1874169.0,1868959.0,0.0
1874259.0,1868129.0,0.0
1874319.0,1873999.0,0.0
1874359.0,1872459.0,0.0
1874369.0,1874169.0,1.0
1874389.0,1874369.0,0.0
1874399.0,1873329.0,0.0
1874669.0,1869259.0,0.0
1874749.0,1869879.0,0.0
1874779.0,1874749.0,0.0
1874879.0,1874749.0,0.0
1874959.0,1874749.0,0.0
1875009.0,1873999.0,0.0
1875019.0,1874749.0,0.0
1875029.0,1874359.0,1.0
1875039.0,1875029.0,1.0
1875049.0,1875029.0,1.0
1875119.0,1875029.0,0.0
1875259.0,1875029.0,0.0
1875319.0,1874169.0,1.0
1875349.0,1875029.0,0.0
1875409.0,1875319.0,1.0
1875429.0,1875409.0,1.0
1875499.0,1875409.0,0.0
1875619.0,1874749.0,0.0
1875629.0,1875029.0,0.0
1875729.0,1875619.0,1.0
1875739.0,1875729.0,1.0
1875809.0,1869949.0,0.0
1875829.0,1875029.0,0.0
1876049.0,1868489.0,0.0
1876179.0,1876049.0,0.0
1876269.0,1873339.0,1.0
1876289.0,1876269.0,0.0
1876299.0,1876269.0,0.0
1876489.0,1869259.0,0.0
1876499.0,1876489.0,0.0
1876529.0,1873869.0,1.0
1876559.0,1876529.0,0.0
1876589.0,1875029.0,0.0
1876619.0,1876489.0,0.0
1876679.0,1875029.0,0.0
1876799.0,1868649.0,1.0
1876879.0,1874749.0,0.0
1877019.0,1876879.0,0.0
1877099.0,1868489.0,0.0
1877139.0,1875729.0,0.0
1877239.0,1875029.0,0.0
1877249.0,1877019.0,0.0
1877279.0,1876799.0,0.0
1877319.0,1877279.0,0.0
1877329.0,1874259.0,1.0
1877369.0,1877139.0,1.0
1877389.0,1877369.0,1.0
1877419.0,1877389.0,0.0
1877519.0,1877239.0,0.0
1877529.0,1874749.0,0.0
1877539.0,1876049.0,0.0
1877589.0,1873329.0,0.0
1877609.0,1877529.0,0.0
1877739.0,1877609.0,0.0
1877779.0,1875029.0,0.0
1877869.0,1877139.0,0.0
1877879.0,1877869.0,0.0
1877889.0,1877539.0,0.0
1877909.0,1876589.0,1.0
1877919.0,1877139.0,0.0
1877939.0,1877909.0,1.0
1877949.0,1877919.0,1.0
1877979.0,1877949.0,1.0
1877999.0,1877949.0,1.0
1878009.0,1877979.0,1.0
1878029.0,1878009.0,1.0
1878049.0,1878009.0,0.0
1878099.0,1875029.0,1.0
1878109.0,1878009.0,1.0
1878129.0,1878109.0,1.0
1878139.0,1878129.0,1.0
1878179.0,1877919.0,1.0
1878189.0,1878179.0,1.0
1878209.0,1878189.0,1.0
1878219.0,1878209.0,1.0
1878229.0,1877999.0,1.0
1878239.0,1878229.0,1.0
1878249.0,1878239.0,1.0
1878259.0,1878249.0,1.0
1878289.0,1878259.0,1.0
1878309.0,1878289.0,1.0
1878319.0,1878259.0,1.0
1878329.0,1878319.0,0.0
1878339.0,1878249.0,0.0
1878349.0,1875029.0,0.0
1878369.0,1878349.0,0.0
1878409.0,1875809.0,1.0
1878419.0,1878319.0,1.0
1878459.0,1878319.0,1.0
1878499.0,1878459.0,1.0
1878529.0,1878499.0,1.0
1878539.0,1878459.0,1.0
1878549.0,1878499.0,1.0
1878559.0,1878539.0,1.0
1878569.0,1878559.0,1.0
1878579.0,1875029.0,0.0
1878589.0,1878579.0,1.0
1878609.0,1877889.0,0.0
1878619.0,1877589.0,0.0
1878709.0,1877909.0,0.0
1878749.0,1874749.0,0.0
1878809.0,1875319.0,1.0
1878829.0,1878809.0,1.0
1878849.0,1877889.0,0.0
1878859.0,1878749.0,0.0
1878869.0,1878709.0,1.0
1878879.0,1878869.0,1.0
1878939.0,1878879.0,0.0
1878949.0,1878859.0,1.0
1878989.0,1878549.0,1.0
1879069.0,1878949.0,1.0
1879099.0,1878249.0,1.0
1879149.0,1878309.0,0.0
1879189.0,1878989.0,1.0
1879299.0,1878989.0,1.0
1879309.0,1879299.0,1.0
1879319.0,1879309.0,1.0
1879329.0,1879319.0,1.0
1879339.0,1879329.0,0.0
1879349.0,1879299.0,1.0
1879359.0,1876879.0,1.0
1879369.0,1879359.0,0.0
1879379.0,1879359.0,1.0
1879389.0,1878029.0,0.0
1879419.0,1879299.0,1.0
1879429.0,1879389.0,1.0
1879449.0,1879429.0,1.0
1879469.0,1879329.0,0.0
1879519.0,1878579.0,0.0
1879539.0,1879519.0,1.0
1879589.0,1879539.0,1.0
1879629.0,1879189.0,0.0
1879639.0,1879589.0,0.0
1879649.0,1879419.0,1.0
1879669.0,1879589.0,1.0
1879689.0,1879589.0,1.0
1879709.0,1879539.0,0.0
1879739.0,1879689.0,1.0
1879769.0,1878609.0,0.0
1879819.0,1879359.0,1.0
1879839.0,1879769.0,1.0
1879849.0,1879329.0,0.0
1879909.0,1878809.0,0.0
1879929.0,1877589.0,1.0
1879949.0,1878319.0,0.0
1879959.0,1879689.0,0.0
1879979.0,1879959.0,0.0
1880009.0,1879299.0,1.0
1880069.0,1879839.0,1.0
1880139.0,1880069.0,0.0
1880359.0,1877879.0,1.0
1880429.0,1879949.0,1.0
1880439.0,1880429.0,1.0
1880469.0,1880139.0,0.0
1880479.0,1880439.0,1.0
1880499.0,1880479.0,1.0
1880549.0,1880499.0,0.0
1880559.0,1880499.0,1.0
1880569.0,1878989.0,1.0
1880579.0,1880569.0,1.0
1880589.0,1880439.0,0.0
1880599.0,1880589.0,1.0
1880629.0,1880499.0,0.0
1880639.0,1880599.0,1.0
1880699.0,1880629.0,1.0
1880709.0,1879329.0,1.0
1880719.0,1880699.0,0.0
1880779.0,1879909.0,0.0
1880799.0,1878859.0,1.0
1880819.0,1880139.0,1.0
1880919.0,1880699.0,0.0
1880929.0,1878869.0,0.0
1880959.0,1880929.0,0.0
1881019.0,1880959.0,0.0
1881049.0,1880009.0,1.0
1881069.0,1880819.0,1.0
1881099.0,1881049.0,0.0
1881109.0,1881019.0,1.0
1881189.0,1881069.0,1.0
1881259.0,1878559.0,0.0
1881289.0,1880959.0,0.0
1881429.0,1881289.0,0.0
1881469.0,1880959.0,1.0
1881499.0,1881429.0,1.0
1881509.0,1881499.0,1.0
1881519.0,1881509.0,1.0
1881529.0,1881519.0,1.0
1881559.0,1881519.0,1.0
1881569.0,1881519.0,1.0
1881629.0,1881519.0,1.0
1881669.0,1881629.0,1.0
1881679.0,1879329.0,1.0
1881689.0,1881629.0,1.0
1881699.0,1881629.0,1.0
1881709.0,1881519.0,1.0
1881719.0,1881519.0,1.0
1881739.0,1881519.0,1.0
1881779.0,1881739.0,1.0
1881789.0,1881519.0,1.0
1881799.0,1881679.0,1.0
1881819.0,1881519.0,1.0
1881829.0,1881509.0,1.0
1881869.0,1881509.0,0.0
1881879.0,1879739.0,1.0
1881889.0,1881799.0,1.0
1881909.0,1881889.0,1.0
1881919.0,1881909.0,0.0
1881929.0,1881799.0,1.0
1881939.0,1881799.0,1.0
1881949.0,1881919.0,0.0
1881979.0,1881929.0,0.0
1881999.0,1881929.0,1.0
1882069.0,1881519.0,1.0
1882079.0,1882069.0,1.0
1882099.0,1882079.0,1.0
1882109.0,1882069.0,1.0
1882129.0,1882069.0,1.0
1882149.0,1882129.0,0.0
1882169.0,1881879.0,1.0
1882189.0,1881559.0,1.0
1882209.0,1882189.0,1.0
1882229.0,1882189.0,1.0
1882259.0,1881569.0,1.0
1882279.0,1881799.0,1.0
1882289.0,1882279.0,1.0
1882319.0,1882289.0,0.0
1882329.0,1881519.0,1.0
1882359.0,1882329.0,0.0
1882419.0,1881799.0,1.0
1882429.0,1882329.0,1.0
1882439.0,1882329.0,1.0
1882529.0,1881529.0,1.0
1882549.0,1882529.0,1.0
1882559.0,1881799.0,1.0
1882589.0,1882559.0,1.0
1882609.0,1881799.0,1.0
1882649.0,1882609.0,0.0
1882689.0,1881519.0,0.0
1882779.0,1880959.0,0.0
1882809.0,1882609.0,1.0
1882839.0,1882589.0,1.0
1882889.0,1882689.0,0.0
1882939.0,1882839.0,0.0
1882969.0,1882939.0,1.0
1883009.0,1880139.0,0.0
1883019.0,1882939.0,0.0
1883029.0,1882939.0,0.0
1883079.0,1880959.0,1.0
1883149.0,1882609.0,1.0
1883269.0,1883149.0,1.0
1883339.0,1883149.0,1.0
1883359.0,1883149.0,1.0
1883409.0,1881789.0,0.0
1883429.0,1883149.0,1.0
1883439.0,1883429.0,1.0
1883469.0,1883149.0,1.0
1883559.0,1882129.0,1.0
1883569.0,1883009.0,1.0
1883579.0,1883569.0,1.0
1883599.0,1883469.0,1.0
1883629.0,1883599.0,0.0
1883649.0,1881109.0,0.0
1883679.0,1883649.0,1.0
1883749.0,1883149.0,1.0
1883819.0,1883749.0,0.0
1883829.0,1883149.0,1.0
1883979.0,1883749.0,0.0
1884159.0,1883979.0,0.0
1884299.0,1881099.0,0.0
1884389.0,1884299.0,0.0
1884409.0,1882889.0,0.0
1884439.0,1884409.0,0.0
1884459.0,1881109.0,0.0
1884469.0,1884439.0,0.0
1884499.0,1884469.0,1.0
1884519.0,1883979.0,0.0
1884539.0,1882889.0,0.0
1884559.0,1883829.0,0.0
1884669.0,1884559.0,0.0
1884709.0,1884669.0,0.0
1884719.0,1882329.0,0.0
1884749.0,1884559.0,1.0
1884809.0,1884559.0,1.0
1884949.0,1881529.0,0.0
1884959.0,1884809.0,1.0
1884979.0,1883649.0,0.0
1884989.0,1884979.0,0.0
1885029.0,1884979.0,0.0
1885129.0,1884749.0,1.0
1885199.0,1885129.0,1.0
1885209.0,1883269.0,1.0
1885249.0,1885199.0,0.0
1885269.0,1884959.0,0.0
1885299.0,1883569.0,1.0
1885349.0,1883749.0,1.0
1885429.0,1885349.0,0.0
1885479.0,1885299.0,1.0
1885489.0,1885429.0,0.0
1885619.0,1884989.0,1.0
1885639.0,1883579.0,0.0
1885649.0,1885639.0,0.0
1885659.0,1882939.0,0.0
1885839.0,1882169.0,1.0
1885849.0,1885839.0,0.0
1885899.0,1883599.0,0.0
1886009.0,1884389.0,0.0
1886079.0,1885839.0,1.0
1886169.0,1885839.0,1.0
1886199.0,1885619.0,1.0
1886289.0,1886199.0,1.0
1886349.0,1886289.0,0.0
1886379.0,1886079.0,0.0
1886389.0,1885899.0,1.0
1886399.0,1886349.0,1.0
1886419.0,1885479.0,0.0
1886509.0,1885839.0,1.0
1886519.0,1883979.0,0.0
1886559.0,1886009.0,0.0
1886619.0,1886559.0,0.0
1886639.0,1884719.0,1.0
1886689.0,1886639.0,1.0
1886739.0,1886689.0,1.0
1886819.0,1886689.0,1.0
1886889.0,1884559.0,1.0
1886909.0,1886689.0,1.0
1886919.0,1886819.0,1.0
1886929.0,1886919.0,1.0
1886949.0,1886909.0,0.0
1887009.0,1884439.0,1.0
1887019.0,1886689.0,1.0
1887199.0,1885839.0,1.0
1887229.0,1886949.0,0.0
1887259.0,1887199.0,1.0
1887279.0,1887259.0,1.0
1887319.0,1887229.0,1.0
1887329.0,1885639.0,0.0
1887339.0,1887329.0,1.0
1887349.0,1886919.0,0.0
1887359.0,1887279.0,1.0
1887379.0,1886639.0,1.0
1887389.0,1887319.0,1.0
1887409.0,1887019.0,1.0
1887429.0,1887389.0,1.0
1887439.0,1887429.0,1.0
1887449.0,1887409.0,1.0
1887459.0,1887449.0,1.0
1887479.0,1887459.0,1.0
1887499.0,1887479.0,1.0
1887509.0,1887499.0,1.0
1887519.0,1887509.0,1.0
1887529.0,1887459.0,1.0
1887539.0,1887529.0,1.0
1887549.0,1887499.0,1.0
1887569.0,1887389.0,1.0
1887579.0,1887569.0,1.0
1887599.0,1887449.0,1.0
1887609.0,1887599.0,1.0
1887619.0,1887609.0,1.0
1887659.0,1887619.0,1.0
1887669.0,1887659.0,1.0
1887689.0,1887669.0,1.0
1887699.0,1887429.0,0.0
1887709.0,1887689.0,1.0
1887719.0,1887579.0,1.0
1887729.0,1887439.0,1.0
1887749.0,1887619.0,1.0
1887759.0,1887729.0,0.0
1887819.0,1887729.0,1.0
1887829.0,1887749.0,1.0
1887839.0,1887749.0,1.0
1887849.0,1887549.0,1.0
1887859.0,1887849.0,1.0
1887869.0,1887849.0,0.0
1887899.0,1887199.0,1.0
1887919.0,1887619.0,1.0
1887969.0,1887919.0,1.0
1888019.0,1887729.0,1.0
1888059.0,1888019.0,1.0
1888109.0,1887969.0,1.0
1888149.0,1888109.0,1.0
1888179.0,1887749.0,0.0
1888209.0,1887899.0,1.0
1888239.0,1887329.0,1.0
1888269.0,1888239.0,1.0
1888479.0,1887429.0,0.0
1888489.0,1888269.0,0.0
1888499.0,1886009.0,0.0
1888519.0,1888499.0,0.0
1888529.0,1887969.0,0.0
1888549.0,1886519.0,0.0
1888559.0,1888209.0,1.0
1888589.0,1888549.0,1.0
1888599.0,1888019.0,0.0
1888629.0,1888559.0,0.0
1888649.0,1888499.0,1.0
1888749.0,1888649.0,0.0
1888799.0,1888749.0,1.0
1888829.0,1887539.0,0.0
1888839.0,1888829.0,1.0
1888879.0,1888269.0,1.0
1888909.0,1888749.0,1.0
1888919.0,1888589.0,0.0
1888979.0,1888799.0,0.0
1889009.0,1888829.0,1.0
1889019.0,1888239.0,0.0
1889039.0,1888919.0,1.0
1889079.0,1889039.0,1.0
1889119.0,1889079.0,0.0
1889209.0,1888919.0,0.0
1889249.0,1889209.0,1.0
1889319.0,1889079.0,1.0
1889329.0,1889319.0,1.0
1889349.0,1888919.0,1.0
1889369.0,1889349.0,1.0
1889379.0,1889329.0,1.0
1889389.0,1889369.0,1.0
1889399.0,1889079.0,1.0
1889409.0,1889019.0,1.0
1889419.0,1889409.0,1.0
1889439.0,1889399.0,0.0
1889449.0,1889389.0,0.0
1889459.0,1888629.0,1.0
1889469.0,1889399.0,1.0
1889499.0,1889469.0,0.0
1889529.0,1889499.0,1.0
1889549.0,1889389.0,1.0
1889629.0,1887569.0,1.0
1889639.0,1889319.0,0.0
1889689.0,1889639.0,1.0
1889699.0,1889689.0,1.0
1889779.0,1888919.0,1.0
1889869.0,1888919.0,1.0
1889879.0,1889869.0,0.0
1889949.0,1888919.0,1.0
1889989.0,1889949.0,1.0
1890079.0,1889949.0,1.0
1890119.0,1889949.0,0.0
1890369.0,1889989.0,1.0
1890379.0,1890369.0,0.0
1890389.0,1889949.0,1.0
1890399.0,1889949.0,0.0
1890449.0,1889409.0,0.0
1890469.0,1889949.0,0.0
1890509.0,1889949.0,0.0
1890519.0,1889949.0,1.0
1890559.0,1889079.0,0.0
1890589.0,1889949.0,1.0
1890609.0,1890589.0,0.0
1890619.0,1889949.0,1.0
1890629.0,1889949.0,0.0
1890639.0,1889949.0,1.0
1890649.0,1888589.0,0.0
1890659.0,1889949.0,1.0
1890669.0,1888919.0,0.0
1890679.0,1889949.0,1.0
1890729.0,1889409.0,1.0
1890839.0,1890729.0,0.0
1890919.0,1889949.0,0.0
1890929.0,1889949.0,1.0
1890969.0,1890519.0,0.0
1891069.0,1889949.0,1.0
1891079.0,1891069.0,1.0
1891089.0,1891079.0,1.0
1891099.0,1891089.0,1.0
1891109.0,1890649.0,0.0
1891119.0,1891079.0,1.0
1891129.0,1891119.0,1.0
1891139.0,1891119.0,0.0
1891149.0,1889949.0,0.0
1891179.0,1889949.0,1.0
1891199.0,1890729.0,0.0
1891219.0,1889949.0,0.0
1891289.0,1889079.0,1.0
1891319.0,1888829.0,1.0
1891419.0,1891109.0,0.0
1891509.0,1889949.0,1.0
1891539.0,1891199.0,0.0
1891569.0,1889949.0,1.0
1891579.0,1891539.0,1.0
1891589.0,1891109.0,1.0
1891599.0,1891589.0,1.0
1891699.0,1891579.0,0.0
1891729.0,1889949.0,0.0
1891779.0,1889949.0,0.0
1891789.0,1889949.0,1.0
1891799.0,1891589.0,1.0
1891839.0,1891799.0,0.0
1891939.0,1889949.0,0.0
1891949.0,1889949.0,1.0
1891959.0,1890649.0,1.0
1892019.0,1891959.0,0.0
1892069.0,1889949.0,1.0
1892089.0,1891589.0,1.0
1892099.0,1892089.0,1.0
1892109.0,1892089.0,0.0
1892159.0,1889949.0,1.0
1892189.0,1888919.0,1.0
1892199.0,1892189.0,1.0
1892249.0,1892189.0,1.0
1892309.0,1892189.0,1.0
1892319.0,1892189.0,1.0
1892329.0,1892189.0,1.0
1892339.0,1892189.0,1.0
1892349.0,1892189.0,1.0
1892359.0,1892349.0,1.0
1892369.0,1892189.0,1.0
1892399.0,1892189.0,1.0
1892409.0,1892199.0,1.0
1892419.0,1892409.0,1.0
1892429.0,1892409.0,1.0
1892439.0,1892189.0,1.0
1892469.0,1892189.0,1.0
1892479.0,1892189.0,1.0
1892499.0,1892189.0,1.0
1892509.0,1892199.0,1.0
1892519.0,1892189.0,1.0
1892549.0,1892189.0,1.0
1892559.0,1892189.0,1.0
1892569.0,1892559.0,1.0
1892589.0,1892559.0,1.0
1892599.0,1892559.0,1.0
1892609.0,1892559.0,1.0
1892629.0,1892509.0,1.0
1892649.0,1892189.0,1.0
1892659.0,1892559.0,1.0
1892669.0,1892189.0,1.0
1892689.0,1892559.0,1.0
1892699.0,1892589.0,1.0
1892709.0,1892699.0,1.0
1892719.0,1892189.0,1.0
1892739.0,1892699.0,1.0
1892749.0,1892629.0,1.0
1892769.0,1892189.0,1.0
1892789.0,1892189.0,1.0
1892839.0,1892789.0,1.0
1892849.0,1892189.0,1.0
1892879.0,1892189.0,1.0
1892899.0,1892879.0,1.0
1892909.0,1892899.0,1.0
1892919.0,1892189.0,1.0
1892929.0,1892789.0,1.0
1892949.0,1892089.0,1.0
1892959.0,1892929.0,1.0
1892979.0,1892949.0,1.0
1892989.0,1892899.0,1.0
1892999.0,1892559.0,0.0
1893009.0,1891119.0,1.0
1893019.0,1892699.0,1.0
1893049.0,1892509.0,1.0
1893059.0,1892959.0,1.0
1893069.0,1892189.0,1.0
1893079.0,1892189.0,0.0
1893109.0,1892189.0,1.0
1893159.0,1892189.0,1.0
1893169.0,1892189.0,1.0
1893189.0,1892189.0,0.0
1893209.0,1891289.0,1.0
1893229.0,1893079.0,1.0
1893259.0,1893229.0,1.0
1893309.0,1892189.0,0.0
1893319.0,1891149.0,1.0
1893329.0,1892189.0,1.0
1893339.0,1892189.0,1.0
1893359.0,1892559.0,1.0
1893369.0,1893359.0,1.0
1893389.0,1892189.0,1.0
1893409.0,1892189.0,1.0
1893449.0,1892189.0,1.0
1893459.0,1892189.0,1.0
1893469.0,1892189.0,0.0
1893479.0,1893469.0,1.0
1893519.0,1893389.0,1.0
1893529.0,1892189.0,1.0
1893539.0,1892559.0,1.0
1893549.0,1893529.0,0.0
1893579.0,1892189.0,1.0
1893609.0,1892189.0,1.0
1893629.0,1893529.0,1.0
1893659.0,1892089.0,1.0
1893679.0,1892189.0,1.0
1893719.0,1893659.0,1.0
1893739.0,1891699.0,0.0
1893759.0,1893479.0,0.0
1893789.0,1892189.0,1.0
1893929.0,1892189.0,1.0
1893939.0,1893929.0,1.0
1893949.0,1893929.0,1.0
1893959.0,1893929.0,1.0
1893969.0,1893929.0,1.0
1893979.0,1893929.0,1.0
1894009.0,1893929.0,1.0
1894069.0,1893929.0,1.0
1894089.0,1894069.0,1.0
1894199.0,1892329.0,0.0
1894279.0,1892189.0,0.0
1894289.0,1892189.0,1.0
1894369.0,1892189.0,1.0
1894439.0,1893329.0,0.0
1894459.0,1893929.0,0.0
1894519.0,1894279.0,1.0
1894589.0,1893929.0,1.0
1894649.0,1893929.0,1.0
1894679.0,1894279.0,1.0
1894909.0,1892699.0,1.0
1895159.0,1894909.0,1.0
1895189.0,1895159.0,1.0
1895289.0,1895159.0,1.0
1895319.0,1895289.0,0.0
